1-0-0-2-1-0-1-1-0-0-0-1-1-0-0-2-4-1-13-8-13-0-0-8-2000-1000-10000,0,0.231201
1-0-0-2-1-0-1-1-0-0-0-1-1-0-0-2-4-1-13-8-13-0-0-8-2000-1000-10000,0,0.060361
1-0-0-2-1-0-1-1-0-0-0-1-1-0-0-2-4-1-13-8-13-0-0-8-2000-1000-10000,0,0.062844
1-0-0-2-1-0-1-1-0-0-0-1-1-0-0-2-4-1-13-8-13-0-0-8-2000-1000-10500,0,0.255554
1-0-0-2-1-0-1-1-0-0-0-1-1-0-0-2-4-1-13-8-13-0-0-8-2000-1000-10500,0,0.06484
1-0-0-2-1-0-1-1-0-0-0-1-1-0-0-2-4-1-13-8-13-0-0-8-2000-1000-10500,0,0.06273
1-0-0-2-1-0-1-1-0-0-0-1-1-0-0-2-4-1-13-8-13-0-0-8-2000-1000-11000,0,0.280833
1-0-0-2-1-0-1-1-0-0-0-1-1-0-0-2-4-1-13-8-13-0-0-8-2000-1000-11000,0,0.0697
1-0-0-2-1-0-1-1-0-0-0-1-1-0-0-2-4-1-13-8-13-0-0-8-2000-1000-11000,0,0.068766
1-0-0-2-1-0-1-1-0-0-0-1-1-0-0-2-4-1-13-8-13-0-0-8-2000-1000-11500,0,0.304872
1-0-0-2-1-0-1-1-0-0-0-1-1-0-0-2-4-1-13-8-13-0-0-8-2000-1000-11500,0,0.074549
1-0-0-2-1-0-1-1-0-0-0-1-1-0-0-2-4-1-13-8-13-0-0-8-2000-1000-11500,0,0.075062
1-0-0-2-1-0-1-1-0-0-0-1-1-0-0-2-4-1-13-8-13-0-0-8-2000-1000-12000,0,0.33523
1-0-0-2-1-0-1-1-0-0-0-1-1-0-0-2-4-1-13-8-13-0-0-8-2000-1000-12000,0,0.080073
1-0-0-2-1-0-1-1-0-0-0-1-1-0-0-2-4-1-13-8-13-0-0-8-2000-1000-12000,0,0.079938
1-0-0-2-1-0-1-1-0-0-0-1-1-0-0-2-4-1-13-8-13-0-0-8-2000-1000-12500,0,0.360706
1-0-0-2-1-0-1-1-0-0-0-1-1-0-0-2-4-1-13-8-13-0-0-8-2000-1000-12500,0,0.083304
1-0-0-2-1-0-1-1-0-0-0-1-1-0-0-2-4-1-13-8-13-0-0-8-2000-1000-12500,0,0.07862
1-0-0-2-1-0-1-1-0-0-0-1-1-0-0-2-4-1-13-8-13-0-0-8-2000-1000-13000,0,0.38981
1-0-0-2-1-0-1-1-0-0-0-1-1-0-0-2-4-1-13-8-13-0-0-8-2000-1000-13000,0,0.093032
1-0-0-2-1-0-1-1-0-0-0-1-1-0-0-2-4-1-13-8-13-0-0-8-2000-1000-13000,0,0.088808
1-0-0-2-1-0-1-1-0-0-0-1-1-0-0-2-4-1-13-8-13-0-0-8-2000-1000-13500,0,0.421038
1-0-0-2-1-0-1-1-0-0-0-1-1-0-0-2-4-1-13-8-13-0-0-8-2000-1000-13500,0,0.0982
1-0-0-2-1-0-1-1-0-0-0-1-1-0-0-2-4-1-13-8-13-0-0-8-2000-1000-13500,0,0.096338
1-0-0-2-1-0-1-1-0-0-0-1-1-0-0-2-4-1-13-8-13-0-0-8-2000-1000-14000,0,0.448722
1-0-0-2-1-0-1-1-0-0-0-1-1-0-0-2-4-1-13-8-13-0-0-8-2000-1000-14000,0,0.103315
1-0-0-2-1-0-1-1-0-0-0-1-1-0-0-2-4-1-13-8-13-0-0-8-2000-1000-14000,0,0.101766
1-0-0-2-1-0-1-1-0-0-0-1-1-0-0-2-4-1-13-8-13-0-0-8-2000-1000-14500,0,0.483741
1-0-0-2-1-0-1-1-0-0-0-1-1-0-0-2-4-1-13-8-13-0-0-8-2000-1000-14500,0,0.111558
1-0-0-2-1-0-1-1-0-0-0-1-1-0-0-2-4-1-13-8-13-0-0-8-2000-1000-14500,0,0.109369
1-0-0-2-1-0-1-1-0-0-0-1-1-0-0-2-4-1-13-8-13-0-0-8-2000-1000-15000,0,0.504451
1-0-0-2-1-0-1-1-0-0-0-1-1-0-0-2-4-1-13-8-13-0-0-8-2000-1000-15000,0,0.115954
1-0-0-2-1-0-1-1-0-0-0-1-1-0-0-2-4-1-13-8-13-0-0-8-2000-1000-15000,0,0.116175
1-0-0-2-1-0-1-1-0-0-0-1-1-0-0-2-4-1-13-8-13-0-0-8-2000-1000-15500,0,0.544827
1-0-0-2-1-0-1-1-0-0-0-1-1-0-0-2-4-1-13-8-13-0-0-8-2000-1000-15500,0,0.123745
1-0-0-2-1-0-1-1-0-0-0-1-1-0-0-2-4-1-13-8-13-0-0-8-2000-1000-15500,0,0.120241
1-0-0-2-1-0-1-1-0-0-0-1-1-0-0-2-4-1-13-8-13-0-0-8-2000-1000-16000,0,0.575941
1-0-0-2-1-0-1-1-0-0-0-1-1-0-0-2-4-1-13-8-13-0-0-8-2000-1000-16000,0,0.131394
1-0-0-2-1-0-1-1-0-0-0-1-1-0-0-2-4-1-13-8-13-0-0-8-2000-1000-16000,0,0.128418
1-0-0-2-1-0-1-1-0-0-0-1-1-0-0-2-4-1-13-8-13-0-0-8-2000-1000-16500,0,0.626681
1-0-0-2-1-0-1-1-0-0-0-1-1-0-0-2-4-1-13-8-13-0-0-8-2000-1000-16500,0,0.138857
1-0-0-2-1-0-1-1-0-0-0-1-1-0-0-2-4-1-13-8-13-0-0-8-2000-1000-16500,0,0.137024
1-0-0-2-1-0-1-1-0-0-0-1-1-0-0-2-4-1-13-8-13-0-0-8-2000-1000-17000,0,0.657178
1-0-0-2-1-0-1-1-0-0-0-1-1-0-0-2-4-1-13-8-13-0-0-8-2000-1000-17000,0,0.145719
1-0-0-2-1-0-1-1-0-0-0-1-1-0-0-2-4-1-13-8-13-0-0-8-2000-1000-17000,0,0.143917
1-0-0-2-1-0-1-1-0-0-0-1-1-0-0-2-4-1-13-8-13-0-0-8-2000-1000-17500,0,0.699709
1-0-0-2-1-0-1-1-0-0-0-1-1-0-0-2-4-1-13-8-13-0-0-8-2000-1000-17500,0,0.153141
1-0-0-2-1-0-1-1-0-0-0-1-1-0-0-2-4-1-13-8-13-0-0-8-2000-1000-17500,0,0.149303
1-0-0-2-1-0-1-1-0-0-0-1-1-0-0-2-4-1-13-8-13-0-0-8-2000-1000-10000,1,0.334493
1-0-0-2-1-0-1-1-0-0-0-1-1-0-0-2-4-1-13-8-13-0-0-8-2000-1000-10000,1,0.083199
1-0-0-2-1-0-1-1-0-0-0-1-1-0-0-2-4-1-13-8-13-0-0-8-2000-1000-10000,1,0.082231
1-0-0-2-1-0-1-1-0-0-0-1-1-0-0-2-4-1-13-8-13-0-0-8-2000-1000-10500,1,0.361769
1-0-0-2-1-0-1-1-0-0-0-1-1-0-0-2-4-1-13-8-13-0-0-8-2000-1000-10500,1,0.090584
1-0-0-2-1-0-1-1-0-0-0-1-1-0-0-2-4-1-13-8-13-0-0-8-2000-1000-10500,1,0.090187
1-0-0-2-1-0-1-1-0-0-0-1-1-0-0-2-4-1-13-8-13-0-0-8-2000-1000-11000,1,0.403899
1-0-0-2-1-0-1-1-0-0-0-1-1-0-0-2-4-1-13-8-13-0-0-8-2000-1000-11000,1,0.10419
1-0-0-2-1-0-1-1-0-0-0-1-1-0-0-2-4-1-13-8-13-0-0-8-2000-1000-11000,1,0.103177
1-0-0-2-1-0-1-1-0-0-0-1-1-0-0-2-4-1-13-8-13-0-0-8-2000-1000-11500,1,0.445616
1-0-0-2-1-0-1-1-0-0-0-1-1-0-0-2-4-1-13-8-13-0-0-8-2000-1000-11500,1,0.110603
1-0-0-2-1-0-1-1-0-0-0-1-1-0-0-2-4-1-13-8-13-0-0-8-2000-1000-11500,1,0.112656
1-0-0-2-1-0-1-1-0-0-0-1-1-0-0-2-4-1-13-8-13-0-0-8-2000-1000-12000,1,0.475586
1-0-0-2-1-0-1-1-0-0-0-1-1-0-0-2-4-1-13-8-13-0-0-8-2000-1000-12000,1,0.119181
1-0-0-2-1-0-1-1-0-0-0-1-1-0-0-2-4-1-13-8-13-0-0-8-2000-1000-12000,1,0.119317
1-0-0-2-1-0-1-1-0-0-0-1-1-0-0-2-4-1-13-8-13-0-0-8-2000-1000-12500,1,0.524153
1-0-0-2-1-0-1-1-0-0-0-1-1-0-0-2-4-1-13-8-13-0-0-8-2000-1000-12500,1,0.133378
1-0-0-2-1-0-1-1-0-0-0-1-1-0-0-2-4-1-13-8-13-0-0-8-2000-1000-12500,1,0.133236
1-0-0-2-1-0-1-1-0-0-0-1-1-0-0-2-4-1-13-8-13-0-0-8-2000-1000-13000,1,0.556823
1-0-0-2-1-0-1-1-0-0-0-1-1-0-0-2-4-1-13-8-13-0-0-8-2000-1000-13000,1,0.143408
1-0-0-2-1-0-1-1-0-0-0-1-1-0-0-2-4-1-13-8-13-0-0-8-2000-1000-13000,1,0.142841
1-0-0-2-1-0-1-1-0-0-0-1-1-0-0-2-4-1-13-8-13-0-0-8-2000-1000-13500,1,0.593333
1-0-0-2-1-0-1-1-0-0-0-1-1-0-0-2-4-1-13-8-13-0-0-8-2000-1000-13500,1,0.153498
1-0-0-2-1-0-1-1-0-0-0-1-1-0-0-2-4-1-13-8-13-0-0-8-2000-1000-13500,1,0.151776
1-0-0-2-1-0-1-1-0-0-0-1-1-0-0-2-4-1-13-8-13-0-0-8-2000-1000-14000,1,0.641513
1-0-0-2-1-0-1-1-0-0-0-1-1-0-0-2-4-1-13-8-13-0-0-8-2000-1000-14000,1,0.167412
1-0-0-2-1-0-1-1-0-0-0-1-1-0-0-2-4-1-13-8-13-0-0-8-2000-1000-14000,1,0.165158
1-0-0-2-1-0-1-1-0-0-0-1-1-0-0-2-4-1-13-8-13-0-0-8-2000-1000-14500,1,0.685075
1-0-0-2-1-0-1-1-0-0-0-1-1-0-0-2-4-1-13-8-13-0-0-8-2000-1000-14500,1,0.174756
1-0-0-2-1-0-1-1-0-0-0-1-1-0-0-2-4-1-13-8-13-0-0-8-2000-1000-14500,1,0.174999
1-0-0-2-1-0-1-1-0-0-0-1-1-0-0-2-4-1-13-8-13-0-0-8-2000-1000-15000,1,0.744239
1-0-0-2-1-0-1-1-0-0-0-1-1-0-0-2-4-1-13-8-13-0-0-8-2000-1000-15000,1,0.192425
1-0-0-2-1-0-1-1-0-0-0-1-1-0-0-2-4-1-13-8-13-0-0-8-2000-1000-15000,1,0.189899
1-0-0-2-1-0-1-1-0-0-0-1-1-0-0-2-4-1-13-8-13-0-0-8-2000-1000-15500,1,0.793399
1-0-0-2-1-0-1-1-0-0-0-1-1-0-0-2-4-1-13-8-13-0-0-8-2000-1000-15500,1,0.202447
1-0-0-2-1-0-1-1-0-0-0-1-1-0-0-2-4-1-13-8-13-0-0-8-2000-1000-15500,1,0.202547
1-0-0-2-1-0-1-1-0-0-0-1-1-0-0-2-4-1-13-8-13-0-0-8-2000-1000-16000,1,0.836637
1-0-0-2-1-0-1-1-0-0-0-1-1-0-0-2-4-1-13-8-13-0-0-8-2000-1000-16000,1,0.215347
1-0-0-2-1-0-1-1-0-0-0-1-1-0-0-2-4-1-13-8-13-0-0-8-2000-1000-16000,1,0.215073
1-0-0-2-1-0-1-1-0-0-0-1-1-0-0-2-4-1-13-8-13-0-0-8-2000-1000-16500,1,0.897526
1-0-0-2-1-0-1-1-0-0-0-1-1-0-0-2-4-1-13-8-13-0-0-8-2000-1000-16500,1,0.228299
1-0-0-2-1-0-1-1-0-0-0-1-1-0-0-2-4-1-13-8-13-0-0-8-2000-1000-16500,1,0.23095
1-0-0-2-1-0-1-1-0-0-0-1-1-0-0-2-4-1-13-8-13-0-0-8-2000-1000-17000,1,0.945322
1-0-0-2-1-0-1-1-0-0-0-1-1-0-0-2-4-1-13-8-13-0-0-8-2000-1000-17000,1,0.245812
1-0-0-2-1-0-1-1-0-0-0-1-1-0-0-2-4-1-13-8-13-0-0-8-2000-1000-17000,1,0.2429
1-0-0-2-1-0-1-1-0-0-0-1-1-0-0-2-4-1-13-8-13-0-0-8-2000-1000-17500,1,1.00321
1-0-0-2-1-0-1-1-0-0-0-1-1-0-0-2-4-1-13-8-13-0-0-8-2000-1000-17500,1,0.257752
1-0-0-2-1-0-1-1-0-0-0-1-1-0-0-2-4-1-13-8-13-0-0-8-2000-1000-17500,1,0.257204
1-0-0-2-1-0-1-1-0-0-0-0-1-1-0-2-4-1-13-8-13-0-0-8-2000-1000-10000,0,0.231984
1-0-0-2-1-0-1-1-0-0-0-0-1-1-0-2-4-1-13-8-13-0-0-8-2000-1000-10000,0,0.060703
1-0-0-2-1-0-1-1-0-0-0-0-1-1-0-2-4-1-13-8-13-0-0-8-2000-1000-10000,0,0.062597
1-0-0-2-1-0-1-1-0-0-0-0-1-1-0-2-4-1-13-8-13-0-0-8-2000-1000-10500,0,0.255527
1-0-0-2-1-0-1-1-0-0-0-0-1-1-0-2-4-1-13-8-13-0-0-8-2000-1000-10500,0,0.063045
1-0-0-2-1-0-1-1-0-0-0-0-1-1-0-2-4-1-13-8-13-0-0-8-2000-1000-10500,0,0.058816
1-0-0-2-1-0-1-1-0-0-0-0-1-1-0-2-4-1-13-8-13-0-0-8-2000-1000-11000,0,0.277152
1-0-0-2-1-0-1-1-0-0-0-0-1-1-0-2-4-1-13-8-13-0-0-8-2000-1000-11000,0,0.070922
1-0-0-2-1-0-1-1-0-0-0-0-1-1-0-2-4-1-13-8-13-0-0-8-2000-1000-11000,0,0.07235
1-0-0-2-1-0-1-1-0-0-0-0-1-1-0-2-4-1-13-8-13-0-0-8-2000-1000-11500,0,0.300673
1-0-0-2-1-0-1-1-0-0-0-0-1-1-0-2-4-1-13-8-13-0-0-8-2000-1000-11500,0,0.074193
1-0-0-2-1-0-1-1-0-0-0-0-1-1-0-2-4-1-13-8-13-0-0-8-2000-1000-11500,0,0.073677
1-0-0-2-1-0-1-1-0-0-0-0-1-1-0-2-4-1-13-8-13-0-0-8-2000-1000-12000,0,0.325008
1-0-0-2-1-0-1-1-0-0-0-0-1-1-0-2-4-1-13-8-13-0-0-8-2000-1000-12000,0,0.079537
1-0-0-2-1-0-1-1-0-0-0-0-1-1-0-2-4-1-13-8-13-0-0-8-2000-1000-12000,0,0.084117
1-0-0-2-1-0-1-1-0-0-0-0-1-1-0-2-4-1-13-8-13-0-0-8-2000-1000-12500,0,0.356627
1-0-0-2-1-0-1-1-0-0-0-0-1-1-0-2-4-1-13-8-13-0-0-8-2000-1000-12500,0,0.08273
1-0-0-2-1-0-1-1-0-0-0-0-1-1-0-2-4-1-13-8-13-0-0-8-2000-1000-12500,0,0.082222
1-0-0-2-1-0-1-1-0-0-0-0-1-1-0-2-4-1-13-8-13-0-0-8-2000-1000-13000,0,0.386399
1-0-0-2-1-0-1-1-0-0-0-0-1-1-0-2-4-1-13-8-13-0-0-8-2000-1000-13000,0,0.092481
1-0-0-2-1-0-1-1-0-0-0-0-1-1-0-2-4-1-13-8-13-0-0-8-2000-1000-13000,0,0.091381
1-0-0-2-1-0-1-1-0-0-0-0-1-1-0-2-4-1-13-8-13-0-0-8-2000-1000-13500,0,0.41045
1-0-0-2-1-0-1-1-0-0-0-0-1-1-0-2-4-1-13-8-13-0-0-8-2000-1000-13500,0,0.098371
1-0-0-2-1-0-1-1-0-0-0-0-1-1-0-2-4-1-13-8-13-0-0-8-2000-1000-13500,0,0.094176
1-0-0-2-1-0-1-1-0-0-0-0-1-1-0-2-4-1-13-8-13-0-0-8-2000-1000-14000,0,0.436233
1-0-0-2-1-0-1-1-0-0-0-0-1-1-0-2-4-1-13-8-13-0-0-8-2000-1000-14000,0,0.102983
1-0-0-2-1-0-1-1-0-0-0-0-1-1-0-2-4-1-13-8-13-0-0-8-2000-1000-14000,0,0.103958
1-0-0-2-1-0-1-1-0-0-0-0-1-1-0-2-4-1-13-8-13-0-0-8-2000-1000-14500,0,0.473308
1-0-0-2-1-0-1-1-0-0-0-0-1-1-0-2-4-1-13-8-13-0-0-8-2000-1000-14500,0,0.111307
1-0-0-2-1-0-1-1-0-0-0-0-1-1-0-2-4-1-13-8-13-0-0-8-2000-1000-14500,0,0.108288
1-0-0-2-1-0-1-1-0-0-0-0-1-1-0-2-4-1-13-8-13-0-0-8-2000-1000-15000,0,0.50589
1-0-0-2-1-0-1-1-0-0-0-0-1-1-0-2-4-1-13-8-13-0-0-8-2000-1000-15000,0,0.113463
1-0-0-2-1-0-1-1-0-0-0-0-1-1-0-2-4-1-13-8-13-0-0-8-2000-1000-15000,0,0.113403
1-0-0-2-1-0-1-1-0-0-0-0-1-1-0-2-4-1-13-8-13-0-0-8-2000-1000-15500,0,0.541548
1-0-0-2-1-0-1-1-0-0-0-0-1-1-0-2-4-1-13-8-13-0-0-8-2000-1000-15500,0,0.124504
1-0-0-2-1-0-1-1-0-0-0-0-1-1-0-2-4-1-13-8-13-0-0-8-2000-1000-15500,0,0.120935
1-0-0-2-1-0-1-1-0-0-0-0-1-1-0-2-4-1-13-8-13-0-0-8-2000-1000-16000,0,0.573015
1-0-0-2-1-0-1-1-0-0-0-0-1-1-0-2-4-1-13-8-13-0-0-8-2000-1000-16000,0,0.13032
1-0-0-2-1-0-1-1-0-0-0-0-1-1-0-2-4-1-13-8-13-0-0-8-2000-1000-16000,0,0.128221
1-0-0-2-1-0-1-1-0-0-0-0-1-1-0-2-4-1-13-8-13-0-0-8-2000-1000-16500,0,0.620347
1-0-0-2-1-0-1-1-0-0-0-0-1-1-0-2-4-1-13-8-13-0-0-8-2000-1000-16500,0,0.137404
1-0-0-2-1-0-1-1-0-0-0-0-1-1-0-2-4-1-13-8-13-0-0-8-2000-1000-16500,0,0.13457
1-0-0-2-1-0-1-1-0-0-0-0-1-1-0-2-4-1-13-8-13-0-0-8-2000-1000-17000,0,0.657846
1-0-0-2-1-0-1-1-0-0-0-0-1-1-0-2-4-1-13-8-13-0-0-8-2000-1000-17000,0,0.1449
1-0-0-2-1-0-1-1-0-0-0-0-1-1-0-2-4-1-13-8-13-0-0-8-2000-1000-17000,0,0.142788
1-0-0-2-1-0-1-1-0-0-0-0-1-1-0-2-4-1-13-8-13-0-0-8-2000-1000-17500,0,0.70142
1-0-0-2-1-0-1-1-0-0-0-0-1-1-0-2-4-1-13-8-13-0-0-8-2000-1000-17500,0,0.152899
1-0-0-2-1-0-1-1-0-0-0-0-1-1-0-2-4-1-13-8-13-0-0-8-2000-1000-17500,0,0.150909
1-0-0-2-1-0-1-1-0-0-0-0-1-1-0-2-4-1-13-8-13-0-0-8-2000-1000-10000,1,0.327775
1-0-0-2-1-0-1-1-0-0-0-0-1-1-0-2-4-1-13-8-13-0-0-8-2000-1000-10000,1,0.081806
1-0-0-2-1-0-1-1-0-0-0-0-1-1-0-2-4-1-13-8-13-0-0-8-2000-1000-10000,1,0.081485
1-0-0-2-1-0-1-1-0-0-0-0-1-1-0-2-4-1-13-8-13-0-0-8-2000-1000-10500,1,0.35952
1-0-0-2-1-0-1-1-0-0-0-0-1-1-0-2-4-1-13-8-13-0-0-8-2000-1000-10500,1,0.09018
1-0-0-2-1-0-1-1-0-0-0-0-1-1-0-2-4-1-13-8-13-0-0-8-2000-1000-10500,1,0.089832
1-0-0-2-1-0-1-1-0-0-0-0-1-1-0-2-4-1-13-8-13-0-0-8-2000-1000-11000,1,0.391796
1-0-0-2-1-0-1-1-0-0-0-0-1-1-0-2-4-1-13-8-13-0-0-8-2000-1000-11000,1,0.099012
1-0-0-2-1-0-1-1-0-0-0-0-1-1-0-2-4-1-13-8-13-0-0-8-2000-1000-11000,1,0.098668
1-0-0-2-1-0-1-1-0-0-0-0-1-1-0-2-4-1-13-8-13-0-0-8-2000-1000-11500,1,0.427155
1-0-0-2-1-0-1-1-0-0-0-0-1-1-0-2-4-1-13-8-13-0-0-8-2000-1000-11500,1,0.108203
1-0-0-2-1-0-1-1-0-0-0-0-1-1-0-2-4-1-13-8-13-0-0-8-2000-1000-11500,1,0.108111
1-0-0-2-1-0-1-1-0-0-0-0-1-1-0-2-4-1-13-8-13-0-0-8-2000-1000-12000,1,0.475023
1-0-0-2-1-0-1-1-0-0-0-0-1-1-0-2-4-1-13-8-13-0-0-8-2000-1000-12000,1,0.120182
1-0-0-2-1-0-1-1-0-0-0-0-1-1-0-2-4-1-13-8-13-0-0-8-2000-1000-12000,1,0.120166
1-0-0-2-1-0-1-1-0-0-0-0-1-1-0-2-4-1-13-8-13-0-0-8-2000-1000-12500,1,0.508797
1-0-0-2-1-0-1-1-0-0-0-0-1-1-0-2-4-1-13-8-13-0-0-8-2000-1000-12500,1,0.132566
1-0-0-2-1-0-1-1-0-0-0-0-1-1-0-2-4-1-13-8-13-0-0-8-2000-1000-12500,1,0.131464
1-0-0-2-1-0-1-1-0-0-0-0-1-1-0-2-4-1-13-8-13-0-0-8-2000-1000-13000,1,0.552351
1-0-0-2-1-0-1-1-0-0-0-0-1-1-0-2-4-1-13-8-13-0-0-8-2000-1000-13000,1,0.137448
1-0-0-2-1-0-1-1-0-0-0-0-1-1-0-2-4-1-13-8-13-0-0-8-2000-1000-13000,1,0.136889
1-0-0-2-1-0-1-1-0-0-0-0-1-1-0-2-4-1-13-8-13-0-0-8-2000-1000-13500,1,0.595653
1-0-0-2-1-0-1-1-0-0-0-0-1-1-0-2-4-1-13-8-13-0-0-8-2000-1000-13500,1,0.154241
1-0-0-2-1-0-1-1-0-0-0-0-1-1-0-2-4-1-13-8-13-0-0-8-2000-1000-13500,1,0.153585
1-0-0-2-1-0-1-1-0-0-0-0-1-1-0-2-4-1-13-8-13-0-0-8-2000-1000-14000,1,0.646831
1-0-0-2-1-0-1-1-0-0-0-0-1-1-0-2-4-1-13-8-13-0-0-8-2000-1000-14000,1,0.167059
1-0-0-2-1-0-1-1-0-0-0-0-1-1-0-2-4-1-13-8-13-0-0-8-2000-1000-14000,1,0.166859
1-0-0-2-1-0-1-1-0-0-0-0-1-1-0-2-4-1-13-8-13-0-0-8-2000-1000-14500,1,0.697469
1-0-0-2-1-0-1-1-0-0-0-0-1-1-0-2-4-1-13-8-13-0-0-8-2000-1000-14500,1,0.179142
1-0-0-2-1-0-1-1-0-0-0-0-1-1-0-2-4-1-13-8-13-0-0-8-2000-1000-14500,1,0.178023
1-0-0-2-1-0-1-1-0-0-0-0-1-1-0-2-4-1-13-8-13-0-0-8-2000-1000-15000,1,0.734523
1-0-0-2-1-0-1-1-0-0-0-0-1-1-0-2-4-1-13-8-13-0-0-8-2000-1000-15000,1,0.193188
1-0-0-2-1-0-1-1-0-0-0-0-1-1-0-2-4-1-13-8-13-0-0-8-2000-1000-15000,1,0.191528
1-0-0-2-1-0-1-1-0-0-0-0-1-1-0-2-4-1-13-8-13-0-0-8-2000-1000-15500,1,0.779321
1-0-0-2-1-0-1-1-0-0-0-0-1-1-0-2-4-1-13-8-13-0-0-8-2000-1000-15500,1,0.200897
1-0-0-2-1-0-1-1-0-0-0-0-1-1-0-2-4-1-13-8-13-0-0-8-2000-1000-15500,1,0.201193
1-0-0-2-1-0-1-1-0-0-0-0-1-1-0-2-4-1-13-8-13-0-0-8-2000-1000-16000,1,0.83085
1-0-0-2-1-0-1-1-0-0-0-0-1-1-0-2-4-1-13-8-13-0-0-8-2000-1000-16000,1,0.215528
1-0-0-2-1-0-1-1-0-0-0-0-1-1-0-2-4-1-13-8-13-0-0-8-2000-1000-16000,1,0.215113
1-0-0-2-1-0-1-1-0-0-0-0-1-1-0-2-4-1-13-8-13-0-0-8-2000-1000-16500,1,0.902903
1-0-0-2-1-0-1-1-0-0-0-0-1-1-0-2-4-1-13-8-13-0-0-8-2000-1000-16500,1,0.226736
1-0-0-2-1-0-1-1-0-0-0-0-1-1-0-2-4-1-13-8-13-0-0-8-2000-1000-16500,1,0.228161
1-0-0-2-1-0-1-1-0-0-0-0-1-1-0-2-4-1-13-8-13-0-0-8-2000-1000-17000,1,0.943259
1-0-0-2-1-0-1-1-0-0-0-0-1-1-0-2-4-1-13-8-13-0-0-8-2000-1000-17000,1,0.243687
1-0-0-2-1-0-1-1-0-0-0-0-1-1-0-2-4-1-13-8-13-0-0-8-2000-1000-17000,1,0.24145
1-0-0-2-1-0-1-1-0-0-0-0-1-1-0-2-4-1-13-8-13-0-0-8-2000-1000-17500,1,0.999736
1-0-0-2-1-0-1-1-0-0-0-0-1-1-0-2-4-1-13-8-13-0-0-8-2000-1000-17500,1,0.259706
1-0-0-2-1-0-1-1-0-0-0-0-1-1-0-2-4-1-13-8-13-0-0-8-2000-1000-17500,1,0.257127
1-0-0-1-1-0-2-2-0-0-0-0-2-0-0-2-4-1-15-6-16-0-0-8-2000-1000-10000,0,0.573059
1-0-0-1-1-0-2-2-0-0-0-0-2-0-0-2-4-1-15-6-16-0-0-8-2000-1000-10000,0,0.057207
1-0-0-1-1-0-2-2-0-0-0-0-2-0-0-2-4-1-15-6-16-0-0-8-2000-1000-10000,0,0.056063
1-0-0-1-1-0-2-2-0-0-0-0-2-0-0-2-4-1-15-6-16-0-0-8-2000-1000-10500,0,0.25539
1-0-0-1-1-0-2-2-0-0-0-0-2-0-0-2-4-1-15-6-16-0-0-8-2000-1000-10500,0,0.06104
1-0-0-1-1-0-2-2-0-0-0-0-2-0-0-2-4-1-15-6-16-0-0-8-2000-1000-10500,0,0.059269
1-0-0-1-1-0-2-2-0-0-0-0-2-0-0-2-4-1-15-6-16-0-0-8-2000-1000-11000,0,0.278218
1-0-0-1-1-0-2-2-0-0-0-0-2-0-0-2-4-1-15-6-16-0-0-8-2000-1000-11000,0,0.065363
1-0-0-1-1-0-2-2-0-0-0-0-2-0-0-2-4-1-15-6-16-0-0-8-2000-1000-11000,0,0.06599
1-0-0-1-1-0-2-2-0-0-0-0-2-0-0-2-4-1-15-6-16-0-0-8-2000-1000-11500,0,0.303659
1-0-0-1-1-0-2-2-0-0-0-0-2-0-0-2-4-1-15-6-16-0-0-8-2000-1000-11500,0,0.070786
1-0-0-1-1-0-2-2-0-0-0-0-2-0-0-2-4-1-15-6-16-0-0-8-2000-1000-11500,0,0.07072
1-0-0-1-1-0-2-2-0-0-0-0-2-0-0-2-4-1-15-6-16-0-0-8-2000-1000-12000,0,0.327466
1-0-0-1-1-0-2-2-0-0-0-0-2-0-0-2-4-1-15-6-16-0-0-8-2000-1000-12000,0,0.07576
1-0-0-1-1-0-2-2-0-0-0-0-2-0-0-2-4-1-15-6-16-0-0-8-2000-1000-12000,0,0.076943
1-0-0-1-1-0-2-2-0-0-0-0-2-0-0-2-4-1-15-6-16-0-0-8-2000-1000-12500,0,0.355276
1-0-0-1-1-0-2-2-0-0-0-0-2-0-0-2-4-1-15-6-16-0-0-8-2000-1000-12500,0,0.080795
1-0-0-1-1-0-2-2-0-0-0-0-2-0-0-2-4-1-15-6-16-0-0-8-2000-1000-12500,0,0.08047
1-0-0-1-1-0-2-2-0-0-0-0-2-0-0-2-4-1-15-6-16-0-0-8-2000-1000-13000,0,0.380938
1-0-0-1-1-0-2-2-0-0-0-0-2-0-0-2-4-1-15-6-16-0-0-8-2000-1000-13000,0,0.082866
1-0-0-1-1-0-2-2-0-0-0-0-2-0-0-2-4-1-15-6-16-0-0-8-2000-1000-13000,0,0.083086
1-0-0-1-1-0-2-2-0-0-0-0-2-0-0-2-4-1-15-6-16-0-0-8-2000-1000-13500,0,0.413074
1-0-0-1-1-0-2-2-0-0-0-0-2-0-0-2-4-1-15-6-16-0-0-8-2000-1000-13500,0,0.093094
1-0-0-1-1-0-2-2-0-0-0-0-2-0-0-2-4-1-15-6-16-0-0-8-2000-1000-13500,0,0.092709
1-0-0-1-1-0-2-2-0-0-0-0-2-0-0-2-4-1-15-6-16-0-0-8-2000-1000-14000,0,0.443209
1-0-0-1-1-0-2-2-0-0-0-0-2-0-0-2-4-1-15-6-16-0-0-8-2000-1000-14000,0,0.100108
1-0-0-1-1-0-2-2-0-0-0-0-2-0-0-2-4-1-15-6-16-0-0-8-2000-1000-14000,0,0.09708
1-0-0-1-1-0-2-2-0-0-0-0-2-0-0-2-4-1-15-6-16-0-0-8-2000-1000-14500,0,0.476843
1-0-0-1-1-0-2-2-0-0-0-0-2-0-0-2-4-1-15-6-16-0-0-8-2000-1000-14500,0,0.106703
1-0-0-1-1-0-2-2-0-0-0-0-2-0-0-2-4-1-15-6-16-0-0-8-2000-1000-14500,0,0.104343
1-0-0-1-1-0-2-2-0-0-0-0-2-0-0-2-4-1-15-6-16-0-0-8-2000-1000-15000,0,0.502314
1-0-0-1-1-0-2-2-0-0-0-0-2-0-0-2-4-1-15-6-16-0-0-8-2000-1000-15000,0,0.111761
1-0-0-1-1-0-2-2-0-0-0-0-2-0-0-2-4-1-15-6-16-0-0-8-2000-1000-15000,0,0.110005
1-0-0-1-1-0-2-2-0-0-0-0-2-0-0-2-4-1-15-6-16-0-0-8-2000-1000-15500,0,0.538261
1-0-0-1-1-0-2-2-0-0-0-0-2-0-0-2-4-1-15-6-16-0-0-8-2000-1000-15500,0,0.11956
1-0-0-1-1-0-2-2-0-0-0-0-2-0-0-2-4-1-15-6-16-0-0-8-2000-1000-15500,0,0.117067
1-0-0-1-1-0-2-2-0-0-0-0-2-0-0-2-4-1-15-6-16-0-0-8-2000-1000-16000,0,0.569698
1-0-0-1-1-0-2-2-0-0-0-0-2-0-0-2-4-1-15-6-16-0-0-8-2000-1000-16000,0,0.126105
1-0-0-1-1-0-2-2-0-0-0-0-2-0-0-2-4-1-15-6-16-0-0-8-2000-1000-16000,0,0.122701
1-0-0-1-1-0-2-2-0-0-0-0-2-0-0-2-4-1-15-6-16-0-0-8-2000-1000-16500,0,0.615516
1-0-0-1-1-0-2-2-0-0-0-0-2-0-0-2-4-1-15-6-16-0-0-8-2000-1000-16500,0,0.13718
1-0-0-1-1-0-2-2-0-0-0-0-2-0-0-2-4-1-15-6-16-0-0-8-2000-1000-16500,0,0.133161
1-0-0-1-1-0-2-2-0-0-0-0-2-0-0-2-4-1-15-6-16-0-0-8-2000-1000-17000,0,0.660544
1-0-0-1-1-0-2-2-0-0-0-0-2-0-0-2-4-1-15-6-16-0-0-8-2000-1000-17000,0,0.142479
1-0-0-1-1-0-2-2-0-0-0-0-2-0-0-2-4-1-15-6-16-0-0-8-2000-1000-17000,0,0.140629
1-0-0-1-1-0-2-2-0-0-0-0-2-0-0-2-4-1-15-6-16-0-0-8-2000-1000-17500,0,0.693844
1-0-0-1-1-0-2-2-0-0-0-0-2-0-0-2-4-1-15-6-16-0-0-8-2000-1000-17500,0,0.148292
1-0-0-1-1-0-2-2-0-0-0-0-2-0-0-2-4-1-15-6-16-0-0-8-2000-1000-17500,0,0.145889
1-0-0-1-1-0-2-2-0-0-0-0-2-0-0-2-4-1-15-6-16-0-0-8-2000-1000-10000,1,0.3272
1-0-0-1-1-0-2-2-0-0-0-0-2-0-0-2-4-1-15-6-16-0-0-8-2000-1000-10000,1,0.082206
1-0-0-1-1-0-2-2-0-0-0-0-2-0-0-2-4-1-15-6-16-0-0-8-2000-1000-10000,1,0.082099
1-0-0-1-1-0-2-2-0-0-0-0-2-0-0-2-4-1-15-6-16-0-0-8-2000-1000-10500,1,0.364337
1-0-0-1-1-0-2-2-0-0-0-0-2-0-0-2-4-1-15-6-16-0-0-8-2000-1000-10500,1,0.091782
1-0-0-1-1-0-2-2-0-0-0-0-2-0-0-2-4-1-15-6-16-0-0-8-2000-1000-10500,1,0.091836
1-0-0-1-1-0-2-2-0-0-0-0-2-0-0-2-4-1-15-6-16-0-0-8-2000-1000-11000,1,0.399249
1-0-0-1-1-0-2-2-0-0-0-0-2-0-0-2-4-1-15-6-16-0-0-8-2000-1000-11000,1,0.103381
1-0-0-1-1-0-2-2-0-0-0-0-2-0-0-2-4-1-15-6-16-0-0-8-2000-1000-11000,1,0.10303
1-0-0-1-1-0-2-2-0-0-0-0-2-0-0-2-4-1-15-6-16-0-0-8-2000-1000-11500,1,0.432987
1-0-0-1-1-0-2-2-0-0-0-0-2-0-0-2-4-1-15-6-16-0-0-8-2000-1000-11500,1,0.112247
1-0-0-1-1-0-2-2-0-0-0-0-2-0-0-2-4-1-15-6-16-0-0-8-2000-1000-11500,1,0.111738
1-0-0-1-1-0-2-2-0-0-0-0-2-0-0-2-4-1-15-6-16-0-0-8-2000-1000-12000,1,0.471255
1-0-0-1-1-0-2-2-0-0-0-0-2-0-0-2-4-1-15-6-16-0-0-8-2000-1000-12000,1,0.121286
1-0-0-1-1-0-2-2-0-0-0-0-2-0-0-2-4-1-15-6-16-0-0-8-2000-1000-12000,1,0.119279
1-0-0-1-1-0-2-2-0-0-0-0-2-0-0-2-4-1-15-6-16-0-0-8-2000-1000-12500,1,0.515427
1-0-0-1-1-0-2-2-0-0-0-0-2-0-0-2-4-1-15-6-16-0-0-8-2000-1000-12500,1,0.13419
1-0-0-1-1-0-2-2-0-0-0-0-2-0-0-2-4-1-15-6-16-0-0-8-2000-1000-12500,1,0.131828
1-0-0-1-1-0-2-2-0-0-0-0-2-0-0-2-4-1-15-6-16-0-0-8-2000-1000-13000,1,0.555774
1-0-0-1-1-0-2-2-0-0-0-0-2-0-0-2-4-1-15-6-16-0-0-8-2000-1000-13000,1,0.144243
1-0-0-1-1-0-2-2-0-0-0-0-2-0-0-2-4-1-15-6-16-0-0-8-2000-1000-13000,1,0.141991
1-0-0-1-1-0-2-2-0-0-0-0-2-0-0-2-4-1-15-6-16-0-0-8-2000-1000-13500,1,0.605223
1-0-0-1-1-0-2-2-0-0-0-0-2-0-0-2-4-1-15-6-16-0-0-8-2000-1000-13500,1,0.1588
1-0-0-1-1-0-2-2-0-0-0-0-2-0-0-2-4-1-15-6-16-0-0-8-2000-1000-13500,1,0.159026
1-0-0-1-1-0-2-2-0-0-0-0-2-0-0-2-4-1-15-6-16-0-0-8-2000-1000-14000,1,0.654296
1-0-0-1-1-0-2-2-0-0-0-0-2-0-0-2-4-1-15-6-16-0-0-8-2000-1000-14000,1,0.16901
1-0-0-1-1-0-2-2-0-0-0-0-2-0-0-2-4-1-15-6-16-0-0-8-2000-1000-14000,1,0.167081
1-0-0-1-1-0-2-2-0-0-0-0-2-0-0-2-4-1-15-6-16-0-0-8-2000-1000-14500,1,0.687159
1-0-0-1-1-0-2-2-0-0-0-0-2-0-0-2-4-1-15-6-16-0-0-8-2000-1000-14500,1,0.179891
1-0-0-1-1-0-2-2-0-0-0-0-2-0-0-2-4-1-15-6-16-0-0-8-2000-1000-14500,1,0.174941
1-0-0-1-1-0-2-2-0-0-0-0-2-0-0-2-4-1-15-6-16-0-0-8-2000-1000-15000,1,0.741366
1-0-0-1-1-0-2-2-0-0-0-0-2-0-0-2-4-1-15-6-16-0-0-8-2000-1000-15000,1,0.193731
1-0-0-1-1-0-2-2-0-0-0-0-2-0-0-2-4-1-15-6-16-0-0-8-2000-1000-15000,1,0.190895
1-0-0-1-1-0-2-2-0-0-0-0-2-0-0-2-4-1-15-6-16-0-0-8-2000-1000-15500,1,0.780413
1-0-0-1-1-0-2-2-0-0-0-0-2-0-0-2-4-1-15-6-16-0-0-8-2000-1000-15500,1,0.204082
1-0-0-1-1-0-2-2-0-0-0-0-2-0-0-2-4-1-15-6-16-0-0-8-2000-1000-15500,1,0.202547
1-0-0-1-1-0-2-2-0-0-0-0-2-0-0-2-4-1-15-6-16-0-0-8-2000-1000-16000,1,0.843373
1-0-0-1-1-0-2-2-0-0-0-0-2-0-0-2-4-1-15-6-16-0-0-8-2000-1000-16000,1,0.21655
1-0-0-1-1-0-2-2-0-0-0-0-2-0-0-2-4-1-15-6-16-0-0-8-2000-1000-16000,1,0.216506
1-0-0-1-1-0-2-2-0-0-0-0-2-0-0-2-4-1-15-6-16-0-0-8-2000-1000-16500,1,0.888286
1-0-0-1-1-0-2-2-0-0-0-0-2-0-0-2-4-1-15-6-16-0-0-8-2000-1000-16500,1,0.230134
1-0-0-1-1-0-2-2-0-0-0-0-2-0-0-2-4-1-15-6-16-0-0-8-2000-1000-16500,1,0.231709
1-0-0-1-1-0-2-2-0-0-0-0-2-0-0-2-4-1-15-6-16-0-0-8-2000-1000-17000,1,0.946485
1-0-0-1-1-0-2-2-0-0-0-0-2-0-0-2-4-1-15-6-16-0-0-8-2000-1000-17000,1,0.242821
1-0-0-1-1-0-2-2-0-0-0-0-2-0-0-2-4-1-15-6-16-0-0-8-2000-1000-17000,1,0.240131
1-0-0-1-1-0-2-2-0-0-0-0-2-0-0-2-4-1-15-6-16-0-0-8-2000-1000-17500,1,1.00401
1-0-0-1-1-0-2-2-0-0-0-0-2-0-0-2-4-1-15-6-16-0-0-8-2000-1000-17500,1,0.258006
1-0-0-1-1-0-2-2-0-0-0-0-2-0-0-2-4-1-15-6-16-0-0-8-2000-1000-17500,1,0.257694
1-3-0-2-1-1-4-3-0-0-1-1-4-0-0-2-4-4-27-10-17-0-0-8-2000-1000-10000,0,44.738
1-3-0-2-1-1-4-3-0-0-1-1-4-0-0-2-4-4-27-10-17-0-0-8-2000-1000-10000,0,51.8187
1-3-0-2-1-1-4-3-0-0-1-1-4-0-0-2-4-4-27-10-17-0-0-8-2000-1000-10000,0,57.4677
1-3-0-2-1-1-4-3-0-0-1-1-4-0-0-2-4-4-27-10-17-0-0-8-2000-1000-10026,0,94.145
1-3-0-2-1-1-4-3-0-0-1-1-4-0-0-2-4-4-27-10-17-0-0-8-2000-1000-10026,0,96.9539
1-3-0-2-1-1-4-3-0-0-1-1-4-0-0-2-4-4-27-10-17-0-0-8-2000-1000-10026,0,99.3055
1-3-0-2-1-1-4-3-0-0-1-1-4-0-0-2-4-4-27-10-17-0-0-8-2000-1000-10141,0,106.269
1-3-0-2-1-1-4-3-0-0-1-1-4-0-0-2-4-4-27-10-17-0-0-8-2000-1000-10141,0,109.723
1-3-0-2-1-1-4-3-0-0-1-1-4-0-0-2-4-4-27-10-17-0-0-8-2000-1000-10141,0,99.3365
1-3-0-2-1-1-4-3-0-0-1-1-4-0-0-2-4-4-27-10-17-0-0-8-2000-1000-10198,0,99.87
1-3-0-2-1-1-4-3-0-0-1-1-4-0-0-2-4-4-27-10-17-0-0-8-2000-1000-10198,0,93.8995
1-3-0-2-1-1-4-3-0-0-1-1-4-0-0-2-4-4-27-10-17-0-0-8-2000-1000-10198,0,95.9013
1-3-0-2-1-1-4-3-0-0-1-1-4-0-0-2-4-4-27-10-17-0-0-8-2000-1000-10230,0,89.4103
1-3-0-2-1-1-4-3-0-0-1-1-4-0-0-2-4-4-27-10-17-0-0-8-2000-1000-10230,0,85.9808
1-3-0-2-1-1-4-3-0-0-1-1-4-0-0-2-4-4-27-10-17-0-0-8-2000-1000-10230,0,88.5078
1-3-0-2-1-1-4-3-0-0-1-1-4-0-0-2-4-4-27-10-17-0-0-8-2000-1000-10238,0,96.9676
1-3-0-2-1-1-4-3-0-0-1-1-4-0-0-2-4-4-27-10-17-0-0-8-2000-1000-10238,0,99.0302
1-3-0-2-1-1-4-3-0-0-1-1-4-0-0-2-4-4-27-10-17-0-0-8-2000-1000-10238,0,95.3602
1-3-0-2-1-1-4-3-0-0-1-1-4-0-0-2-4-4-27-10-17-0-0-8-2000-1000-10275,0,114.701
1-3-0-2-1-1-4-3-0-0-1-1-4-0-0-2-4-4-27-10-17-0-0-8-2000-1000-10275,0,107.266
1-3-0-2-1-1-4-3-0-0-1-1-4-0-0-2-4-4-27-10-17-0-0-8-2000-1000-10275,0,108.973
1-3-0-2-1-1-4-3-0-0-1-1-4-0-0-2-4-4-27-10-17-0-0-8-2000-1000-10311,0,105.636
1-3-0-2-1-1-4-3-0-0-1-1-4-0-0-2-4-4-27-10-17-0-0-8-2000-1000-10311,0,108.725
1-3-0-2-1-1-4-3-0-0-1-1-4-0-0-2-4-4-27-10-17-0-0-8-2000-1000-10311,0,96.7753
1-3-0-2-1-1-4-3-0-0-1-1-4-0-0-2-4-4-27-10-17-0-0-8-2000-1000-10316,0,91.2825
1-3-0-2-1-1-4-3-0-0-1-1-4-0-0-2-4-4-27-10-17-0-0-8-2000-1000-10316,0,84.0987
1-3-0-2-1-1-4-3-0-0-1-1-4-0-0-2-4-4-27-10-17-0-0-8-2000-1000-10316,0,90.8531
1-3-0-2-1-1-4-3-0-0-1-1-4-0-0-2-4-4-27-10-17-0-0-8-2000-1000-10332,0,87.374
1-3-0-2-1-1-4-3-0-0-1-1-4-0-0-2-4-4-27-10-17-0-0-8-2000-1000-10332,0,87.3817
1-3-0-2-1-1-4-3-0-0-1-1-4-0-0-2-4-4-27-10-17-0-0-8-2000-1000-10332,0,80.4276
1-3-0-2-1-1-4-3-0-0-1-1-4-0-0-2-4-4-27-10-17-0-0-8-2000-1000-10335,0,106.451
1-3-0-2-1-1-4-3-0-0-1-1-4-0-0-2-4-4-27-10-17-0-0-8-2000-1000-10335,0,106.865
1-3-0-2-1-1-4-3-0-0-1-1-4-0-0-2-4-4-27-10-17-0-0-8-2000-1000-10335,0,100.677
1-3-0-2-1-1-4-3-0-0-1-1-4-0-0-2-4-4-27-10-17-0-0-8-2000-1000-10337,0,111.622
1-3-0-2-1-1-4-3-0-0-1-1-4-0-0-2-4-4-27-10-17-0-0-8-2000-1000-10337,0,120.208
1-3-0-2-1-1-4-3-0-0-1-1-4-0-0-2-4-4-27-10-17-0-0-8-2000-1000-10337,0,101.723
1-3-0-2-1-1-4-3-0-0-1-1-4-0-0-2-4-4-27-10-17-0-0-8-2000-1000-10349,0,115.785
1-3-0-2-1-1-4-3-0-0-1-1-4-0-0-2-4-4-27-10-17-0-0-8-2000-1000-10349,0,99.2806
1-3-0-2-1-1-4-3-0-0-1-1-4-0-0-2-4-4-27-10-17-0-0-8-2000-1000-10349,0,108.776
1-3-0-2-1-1-4-3-0-0-1-1-4-0-0-2-4-4-27-10-17-0-0-8-2000-1000-10350,0,104.533
1-3-0-2-1-1-4-3-0-0-1-1-4-0-0-2-4-4-27-10-17-0-0-8-2000-1000-10350,0,97.9398
1-3-0-2-1-1-4-3-0-0-1-1-4-0-0-2-4-4-27-10-17-0-0-8-2000-1000-10350,0,108.797
1-3-0-2-1-1-4-3-0-0-1-1-4-0-0-2-4-4-27-10-17-0-0-8-2000-1000-10353,0,104.015
1-3-0-2-1-1-4-3-0-0-1-1-4-0-0-2-4-4-27-10-17-0-0-8-2000-1000-10353,0,113.886
1-3-0-2-1-1-4-3-0-0-1-1-4-0-0-2-4-4-27-10-17-0-0-8-2000-1000-10353,0,112.294
1-3-0-2-1-1-4-3-0-0-1-1-4-0-0-2-4-4-27-10-17-0-0-8-2000-1000-10380,0,83.7475
1-3-0-2-1-1-4-3-0-0-1-1-4-0-0-2-4-4-27-10-17-0-0-8-2000-1000-10380,0,85.3593
1-3-0-2-1-1-4-3-0-0-1-1-4-0-0-2-4-4-27-10-17-0-0-8-2000-1000-10380,0,91.3587
1-3-0-2-1-1-4-3-0-0-1-1-4-0-0-2-4-4-27-10-17-0-0-8-2000-1000-10387,0,118.309
1-3-0-2-1-1-4-3-0-0-1-1-4-0-0-2-4-4-27-10-17-0-0-8-2000-1000-10387,0,101.635
1-3-0-2-1-1-4-3-0-0-1-1-4-0-0-2-4-4-27-10-17-0-0-8-2000-1000-10387,0,109.782
1-3-0-2-1-1-4-3-0-0-1-1-4-0-0-2-4-4-27-10-17-0-0-8-2000-1000-10407,0,113.972
1-3-0-2-1-1-4-3-0-0-1-1-4-0-0-2-4-4-27-10-17-0-0-8-2000-1000-10407,0,105.72
1-3-0-2-1-1-4-3-0-0-1-1-4-0-0-2-4-4-27-10-17-0-0-8-2000-1000-10407,0,106.85
1-3-0-2-1-1-4-3-0-0-1-1-4-0-0-2-4-4-27-10-17-0-0-8-2000-1000-10426,0,125.896
1-3-0-2-1-1-4-3-0-0-1-1-4-0-0-2-4-4-27-10-17-0-0-8-2000-1000-10426,0,127.633
1-3-0-2-1-1-4-3-0-0-1-1-4-0-0-2-4-4-27-10-17-0-0-8-2000-1000-10426,0,122.827
1-3-0-2-1-1-4-3-0-0-1-1-4-0-0-2-4-4-27-10-17-0-0-8-2000-1000-10451,0,110.855
1-3-0-2-1-1-4-3-0-0-1-1-4-0-0-2-4-4-27-10-17-0-0-8-2000-1000-10451,0,111.851
1-3-0-2-1-1-4-3-0-0-1-1-4-0-0-2-4-4-27-10-17-0-0-8-2000-1000-10451,0,108.336
1-3-0-2-1-1-4-3-0-0-1-1-4-0-0-2-4-4-27-10-17-0-0-8-2000-1000-10476,0,79.8117
1-3-0-2-1-1-4-3-0-0-1-1-4-0-0-2-4-4-27-10-17-0-0-8-2000-1000-10476,0,101.739
1-3-0-2-1-1-4-3-0-0-1-1-4-0-0-2-4-4-27-10-17-0-0-8-2000-1000-10476,0,92.0411
1-3-0-2-1-1-4-3-0-0-1-1-4-0-0-2-4-4-27-10-17-0-0-8-2000-1000-10481,0,124.686
1-3-0-2-1-1-4-3-0-0-1-1-4-0-0-2-4-4-27-10-17-0-0-8-2000-1000-10481,0,114.137
1-3-0-2-1-1-4-3-0-0-1-1-4-0-0-2-4-4-27-10-17-0-0-8-2000-1000-10481,0,112.451
1-3-0-2-1-1-4-3-0-0-1-1-4-0-0-2-4-4-27-10-17-0-0-8-2000-1000-10488,0,68.2541
1-3-0-2-1-1-4-3-0-0-1-1-4-0-0-2-4-4-27-10-17-0-0-8-2000-1000-10488,0,74.1206
1-3-0-2-1-1-4-3-0-0-1-1-4-0-0-2-4-4-27-10-17-0-0-8-2000-1000-10488,0,73.3938
1-3-0-2-1-1-4-3-0-0-1-1-4-0-0-2-4-4-27-10-17-0-0-8-2000-1000-10500,0,87.8387
1-3-0-2-1-1-4-3-0-0-1-1-4-0-0-2-4-4-27-10-17-0-0-8-2000-1000-10500,0,87.5704
1-3-0-2-1-1-4-3-0-0-1-1-4-0-0-2-4-4-27-10-17-0-0-8-2000-1000-10500,0,86.7545
1-3-0-2-1-1-4-3-0-0-1-1-4-0-0-2-4-4-27-10-17-0-0-8-2000-1000-10522,0,104.479
1-3-0-2-1-1-4-3-0-0-1-1-4-0-0-2-4-4-27-10-17-0-0-8-2000-1000-10522,0,108.927
1-3-0-2-1-1-4-3-0-0-1-1-4-0-0-2-4-4-27-10-17-0-0-8-2000-1000-10522,0,104.277
1-3-0-2-1-1-4-3-0-0-1-1-4-0-0-2-4-4-27-10-17-0-0-8-2000-1000-10555,0,109.643
1-3-0-2-1-1-4-3-0-0-1-1-4-0-0-2-4-4-27-10-17-0-0-8-2000-1000-10555,0,110.121
1-3-0-2-1-1-4-3-0-0-1-1-4-0-0-2-4-4-27-10-17-0-0-8-2000-1000-10555,0,124.553
1-3-0-2-1-1-4-3-0-0-1-1-4-0-0-2-4-4-27-10-17-0-0-8-2000-1000-10579,0,118.745
1-3-0-2-1-1-4-3-0-0-1-1-4-0-0-2-4-4-27-10-17-0-0-8-2000-1000-10579,0,109.282
1-3-0-2-1-1-4-3-0-0-1-1-4-0-0-2-4-4-27-10-17-0-0-8-2000-1000-10579,0,117.581
1-3-0-2-1-1-4-3-0-0-1-1-4-0-0-2-4-4-27-10-17-0-0-8-2000-1000-10591,0,105.412
1-3-0-2-1-1-4-3-0-0-1-1-4-0-0-2-4-4-27-10-17-0-0-8-2000-1000-10591,0,115.245
1-3-0-2-1-1-4-3-0-0-1-1-4-0-0-2-4-4-27-10-17-0-0-8-2000-1000-10591,0,97.4852
1-3-0-2-1-1-4-3-0-0-1-1-4-0-0-2-4-4-27-10-17-0-0-8-2000-1000-10606,0,100.969
1-3-0-2-1-1-4-3-0-0-1-1-4-0-0-2-4-4-27-10-17-0-0-8-2000-1000-10606,0,105.515
1-3-0-2-1-1-4-3-0-0-1-1-4-0-0-2-4-4-27-10-17-0-0-8-2000-1000-10606,0,114.782
1-3-0-2-1-1-4-3-0-0-1-1-4-0-0-2-4-4-27-10-17-0-0-8-2000-1000-10614,0,109.25
1-3-0-2-1-1-4-3-0-0-1-1-4-0-0-2-4-4-27-10-17-0-0-8-2000-1000-10614,0,106.032
1-3-0-2-1-1-4-3-0-0-1-1-4-0-0-2-4-4-27-10-17-0-0-8-2000-1000-10614,0,95.2243
1-3-0-2-1-1-4-3-0-0-1-1-4-0-0-2-4-4-27-10-17-0-0-8-2000-1000-10621,0,89.768
1-3-0-2-1-1-4-3-0-0-1-1-4-0-0-2-4-4-27-10-17-0-0-8-2000-1000-10621,0,112.421
1-3-0-2-1-1-4-3-0-0-1-1-4-0-0-2-4-4-27-10-17-0-0-8-2000-1000-10621,0,126.833
1-3-0-2-1-1-4-3-0-0-1-1-4-0-0-2-4-4-27-10-17-0-0-8-2000-1000-10622,0,115.356
1-3-0-2-1-1-4-3-0-0-1-1-4-0-0-2-4-4-27-10-17-0-0-8-2000-1000-10622,0,78.9891
1-3-0-2-1-1-4-3-0-0-1-1-4-0-0-2-4-4-27-10-17-0-0-8-2000-1000-10622,0,92.5709
1-3-0-2-1-1-4-3-0-0-1-1-4-0-0-2-4-4-27-10-17-0-0-8-2000-1000-10724,0,102.31
1-3-0-2-1-1-4-3-0-0-1-1-4-0-0-2-4-4-27-10-17-0-0-8-2000-1000-10724,0,88.2869
1-3-0-2-1-1-4-3-0-0-1-1-4-0-0-2-4-4-27-10-17-0-0-8-2000-1000-10724,0,96.2977
1-3-0-2-1-1-4-3-0-0-1-1-4-0-0-2-4-4-27-10-17-0-0-8-2000-1000-10728,0,64.8632
1-3-0-2-1-1-4-3-0-0-1-1-4-0-0-2-4-4-27-10-17-0-0-8-2000-1000-10728,0,74.103
1-3-0-2-1-1-4-3-0-0-1-1-4-0-0-2-4-4-27-10-17-0-0-8-2000-1000-10728,0,69.6922
1-3-0-2-1-1-4-3-0-0-1-1-4-0-0-2-4-4-27-10-17-0-0-8-2000-1000-10733,0,119.145
1-3-0-2-1-1-4-3-0-0-1-1-4-0-0-2-4-4-27-10-17-0-0-8-2000-1000-10733,0,117.45
1-3-0-2-1-1-4-3-0-0-1-1-4-0-0-2-4-4-27-10-17-0-0-8-2000-1000-10733,0,114.034
1-3-0-2-1-1-4-3-0-0-1-1-4-0-0-2-4-4-27-10-17-0-0-8-2000-1000-10808,0,73.2362
1-3-0-2-1-1-4-3-0-0-1-1-4-0-0-2-4-4-27-10-17-0-0-8-2000-1000-10808,0,74.5949
1-3-0-2-1-1-4-3-0-0-1-1-4-0-0-2-4-4-27-10-17-0-0-8-2000-1000-10808,0,75.9707
1-3-0-2-1-1-4-3-0-0-1-1-4-0-0-2-4-4-27-10-17-0-0-8-2000-1000-10833,0,121.68
1-3-0-2-1-1-4-3-0-0-1-1-4-0-0-2-4-4-27-10-17-0-0-8-2000-1000-10833,0,118.171
1-3-0-2-1-1-4-3-0-0-1-1-4-0-0-2-4-4-27-10-17-0-0-8-2000-1000-10833,0,121.015
1-3-0-2-1-1-4-3-0-0-1-1-4-0-0-2-4-4-27-10-17-0-0-8-2000-1000-10892,0,84.6517
1-3-0-2-1-1-4-3-0-0-1-1-4-0-0-2-4-4-27-10-17-0-0-8-2000-1000-10892,0,90.4629
1-3-0-2-1-1-4-3-0-0-1-1-4-0-0-2-4-4-27-10-17-0-0-8-2000-1000-10892,0,97.5345
1-3-0-2-1-1-4-3-0-0-1-1-4-0-0-2-4-4-27-10-17-0-0-8-2000-1000-10894,0,110.682
1-3-0-2-1-1-4-3-0-0-1-1-4-0-0-2-4-4-27-10-17-0-0-8-2000-1000-10894,0,114.891
1-3-0-2-1-1-4-3-0-0-1-1-4-0-0-2-4-4-27-10-17-0-0-8-2000-1000-10894,0,103.566
1-3-0-2-1-1-4-3-0-0-1-1-4-0-0-2-4-4-27-10-17-0-0-8-2000-1000-10917,0,131.394
1-3-0-2-1-1-4-3-0-0-1-1-4-0-0-2-4-4-27-10-17-0-0-8-2000-1000-10917,0,136.282
1-3-0-2-1-1-4-3-0-0-1-1-4-0-0-2-4-4-27-10-17-0-0-8-2000-1000-10917,0,119.424
1-3-0-2-1-1-4-3-0-0-1-1-4-0-0-2-4-4-27-10-17-0-0-8-2000-1000-10923,0,148.228
1-3-0-2-1-1-4-3-0-0-1-1-4-0-0-2-4-4-27-10-17-0-0-8-2000-1000-10923,0,152.538
1-3-0-2-1-1-4-3-0-0-1-1-4-0-0-2-4-4-27-10-17-0-0-8-2000-1000-10923,0,146.883
1-3-0-2-1-1-4-3-0-0-1-1-4-0-0-2-4-4-27-10-17-0-0-8-2000-1000-10941,0,120.067
1-3-0-2-1-1-4-3-0-0-1-1-4-0-0-2-4-4-27-10-17-0-0-8-2000-1000-10941,0,120.278
1-3-0-2-1-1-4-3-0-0-1-1-4-0-0-2-4-4-27-10-17-0-0-8-2000-1000-10941,0,105.732
1-3-0-2-1-1-4-3-0-0-1-1-4-0-0-2-4-4-27-10-17-0-0-8-2000-1000-10959,0,128.318
1-3-0-2-1-1-4-3-0-0-1-1-4-0-0-2-4-4-27-10-17-0-0-8-2000-1000-10959,0,126.431
1-3-0-2-1-1-4-3-0-0-1-1-4-0-0-2-4-4-27-10-17-0-0-8-2000-1000-10959,0,122.57
1-3-0-2-1-1-4-3-0-0-1-1-4-0-0-2-4-4-27-10-17-0-0-8-2000-1000-10977,0,127.067
1-3-0-2-1-1-4-3-0-0-1-1-4-0-0-2-4-4-27-10-17-0-0-8-2000-1000-10977,0,128.467
1-3-0-2-1-1-4-3-0-0-1-1-4-0-0-2-4-4-27-10-17-0-0-8-2000-1000-10977,0,129.859
1-3-0-2-1-1-4-3-0-0-1-1-4-0-0-2-4-4-27-10-17-0-0-8-2000-1000-10984,0,77.6708
1-3-0-2-1-1-4-3-0-0-1-1-4-0-0-2-4-4-27-10-17-0-0-8-2000-1000-10984,0,77.2339
1-3-0-2-1-1-4-3-0-0-1-1-4-0-0-2-4-4-27-10-17-0-0-8-2000-1000-10984,0,76.3748
1-3-0-2-1-1-4-3-0-0-1-1-4-0-0-2-4-4-27-10-17-0-0-8-2000-1000-11000,0,78.1164
1-3-0-2-1-1-4-3-0-0-1-1-4-0-0-2-4-4-27-10-17-0-0-8-2000-1000-11000,0,76.0993
1-3-0-2-1-1-4-3-0-0-1-1-4-0-0-2-4-4-27-10-17-0-0-8-2000-1000-11000,0,77.7791
1-3-0-2-1-1-4-3-0-0-1-1-4-0-0-2-4-4-27-10-17-0-0-8-2000-1000-11001,0,119.906
1-3-0-2-1-1-4-3-0-0-1-1-4-0-0-2-4-4-27-10-17-0-0-8-2000-1000-11001,0,123.831
1-3-0-2-1-1-4-3-0-0-1-1-4-0-0-2-4-4-27-10-17-0-0-8-2000-1000-11001,0,109.357
1-3-0-2-1-1-4-3-0-0-1-1-4-0-0-2-4-4-27-10-17-0-0-8-2000-1000-11002,0,108.699
1-3-0-2-1-1-4-3-0-0-1-1-4-0-0-2-4-4-27-10-17-0-0-8-2000-1000-11002,0,114.068
1-3-0-2-1-1-4-3-0-0-1-1-4-0-0-2-4-4-27-10-17-0-0-8-2000-1000-11002,0,106.555
1-3-0-2-1-1-4-3-0-0-1-1-4-0-0-2-4-4-27-10-17-0-0-8-2000-1000-11012,0,97.1015
1-3-0-2-1-1-4-3-0-0-1-1-4-0-0-2-4-4-27-10-17-0-0-8-2000-1000-11012,0,101.616
1-3-0-2-1-1-4-3-0-0-1-1-4-0-0-2-4-4-27-10-17-0-0-8-2000-1000-11012,0,107.28
1-3-0-2-1-1-4-3-0-0-1-1-4-0-0-2-4-4-27-10-17-0-0-8-2000-1000-11017,0,123.694
1-3-0-2-1-1-4-3-0-0-1-1-4-0-0-2-4-4-27-10-17-0-0-8-2000-1000-11017,0,118.019
1-3-0-2-1-1-4-3-0-0-1-1-4-0-0-2-4-4-27-10-17-0-0-8-2000-1000-11017,0,127.977
1-3-0-2-1-1-4-3-0-0-1-1-4-0-0-2-4-4-27-10-17-0-0-8-2000-1000-11056,0,73.0095
1-3-0-2-1-1-4-3-0-0-1-1-4-0-0-2-4-4-27-10-17-0-0-8-2000-1000-11056,0,62.9773
1-3-0-2-1-1-4-3-0-0-1-1-4-0-0-2-4-4-27-10-17-0-0-8-2000-1000-11056,0,71.5843
1-3-0-2-1-1-4-3-0-0-1-1-4-0-0-2-4-4-27-10-17-0-0-8-2000-1000-11059,0,127.129
1-3-0-2-1-1-4-3-0-0-1-1-4-0-0-2-4-4-27-10-17-0-0-8-2000-1000-11059,0,128.161
1-3-0-2-1-1-4-3-0-0-1-1-4-0-0-2-4-4-27-10-17-0-0-8-2000-1000-11059,0,119.57
1-3-0-2-1-1-4-3-0-0-1-1-4-0-0-2-4-4-27-10-17-0-0-8-2000-1000-11081,0,128.285
1-3-0-2-1-1-4-3-0-0-1-1-4-0-0-2-4-4-27-10-17-0-0-8-2000-1000-11081,0,129.024
1-3-0-2-1-1-4-3-0-0-1-1-4-0-0-2-4-4-27-10-17-0-0-8-2000-1000-11081,0,121.677
1-3-0-2-1-1-4-3-0-0-1-1-4-0-0-2-4-4-27-10-17-0-0-8-2000-1000-11087,0,119.692
1-3-0-2-1-1-4-3-0-0-1-1-4-0-0-2-4-4-27-10-17-0-0-8-2000-1000-11087,0,126.746
1-3-0-2-1-1-4-3-0-0-1-1-4-0-0-2-4-4-27-10-17-0-0-8-2000-1000-11087,0,123.978
1-3-0-2-1-1-4-3-0-0-1-1-4-0-0-2-4-4-27-10-17-0-0-8-2000-1000-11119,0,128.553
1-3-0-2-1-1-4-3-0-0-1-1-4-0-0-2-4-4-27-10-17-0-0-8-2000-1000-11119,0,139.145
1-3-0-2-1-1-4-3-0-0-1-1-4-0-0-2-4-4-27-10-17-0-0-8-2000-1000-11119,0,118.435
1-3-0-2-1-1-4-3-0-0-1-1-4-0-0-2-4-4-27-10-17-0-0-8-2000-1000-11135,0,119.911
1-3-0-2-1-1-4-3-0-0-1-1-4-0-0-2-4-4-27-10-17-0-0-8-2000-1000-11135,0,131.778
1-3-0-2-1-1-4-3-0-0-1-1-4-0-0-2-4-4-27-10-17-0-0-8-2000-1000-11135,0,126.213
1-3-0-2-1-1-4-3-0-0-1-1-4-0-0-2-4-4-27-10-17-0-0-8-2000-1000-11144,0,80.8685
1-3-0-2-1-1-4-3-0-0-1-1-4-0-0-2-4-4-27-10-17-0-0-8-2000-1000-11144,0,82.0844
1-3-0-2-1-1-4-3-0-0-1-1-4-0-0-2-4-4-27-10-17-0-0-8-2000-1000-11144,0,78.9958
1-3-0-2-1-1-4-3-0-0-1-1-4-0-0-2-4-4-27-10-17-0-0-8-2000-1000-11161,0,136.041
1-3-0-2-1-1-4-3-0-0-1-1-4-0-0-2-4-4-27-10-17-0-0-8-2000-1000-11161,0,126.165
1-3-0-2-1-1-4-3-0-0-1-1-4-0-0-2-4-4-27-10-17-0-0-8-2000-1000-11161,0,125.771
1-3-0-2-1-1-4-3-0-0-1-1-4-0-0-2-4-4-27-10-17-0-0-8-2000-1000-11175,0,129.616
1-3-0-2-1-1-4-3-0-0-1-1-4-0-0-2-4-4-27-10-17-0-0-8-2000-1000-11175,0,128.383
1-3-0-2-1-1-4-3-0-0-1-1-4-0-0-2-4-4-27-10-17-0-0-8-2000-1000-11175,0,127.903
1-3-0-2-1-1-4-3-0-0-1-1-4-0-0-2-4-4-27-10-17-0-0-8-2000-1000-11190,0,124.237
1-3-0-2-1-1-4-3-0-0-1-1-4-0-0-2-4-4-27-10-17-0-0-8-2000-1000-11190,0,124.656
1-3-0-2-1-1-4-3-0-0-1-1-4-0-0-2-4-4-27-10-17-0-0-8-2000-1000-11190,0,106.439
1-3-0-2-1-1-4-3-0-0-1-1-4-0-0-2-4-4-27-10-17-0-0-8-2000-1000-11200,0,84.8769
1-3-0-2-1-1-4-3-0-0-1-1-4-0-0-2-4-4-27-10-17-0-0-8-2000-1000-11200,0,87.2266
1-3-0-2-1-1-4-3-0-0-1-1-4-0-0-2-4-4-27-10-17-0-0-8-2000-1000-11200,0,81.6298
1-3-0-2-1-1-4-3-0-0-1-1-4-0-0-2-4-4-27-10-17-0-0-8-2000-1000-11250,0,129.868
1-3-0-2-1-1-4-3-0-0-1-1-4-0-0-2-4-4-27-10-17-0-0-8-2000-1000-11250,0,116.829
1-3-0-2-1-1-4-3-0-0-1-1-4-0-0-2-4-4-27-10-17-0-0-8-2000-1000-11250,0,98.8657
1-3-0-2-1-1-4-3-0-0-1-1-4-0-0-2-4-4-27-10-17-0-0-8-2000-1000-11289,0,102.885
1-3-0-2-1-1-4-3-0-0-1-1-4-0-0-2-4-4-27-10-17-0-0-8-2000-1000-11289,0,129.979
1-3-0-2-1-1-4-3-0-0-1-1-4-0-0-2-4-4-27-10-17-0-0-8-2000-1000-11289,0,136.97
1-3-0-2-1-1-4-3-0-0-1-1-4-0-0-2-4-4-27-10-17-0-0-8-2000-1000-11351,0,136.071
1-3-0-2-1-1-4-3-0-0-1-1-4-0-0-2-4-4-27-10-17-0-0-8-2000-1000-11351,0,138.15
1-3-0-2-1-1-4-3-0-0-1-1-4-0-0-2-4-4-27-10-17-0-0-8-2000-1000-11351,0,136.512
1-3-0-2-1-1-4-3-0-0-1-1-4-0-0-2-4-4-27-10-17-0-0-8-2000-1000-11367,0,129.583
1-3-0-2-1-1-4-3-0-0-1-1-4-0-0-2-4-4-27-10-17-0-0-8-2000-1000-11367,0,133.953
1-3-0-2-1-1-4-3-0-0-1-1-4-0-0-2-4-4-27-10-17-0-0-8-2000-1000-11367,0,130.538
1-3-0-2-1-1-4-3-0-0-1-1-4-0-0-2-4-4-27-10-17-0-0-8-2000-1000-11369,0,139.678
1-3-0-2-1-1-4-3-0-0-1-1-4-0-0-2-4-4-27-10-17-0-0-8-2000-1000-11369,0,128.293
1-3-0-2-1-1-4-3-0-0-1-1-4-0-0-2-4-4-27-10-17-0-0-8-2000-1000-11369,0,132.875
1-3-0-2-1-1-4-3-0-0-1-1-4-0-0-2-4-4-27-10-17-0-0-8-2000-1000-11385,0,129.593
1-3-0-2-1-1-4-3-0-0-1-1-4-0-0-2-4-4-27-10-17-0-0-8-2000-1000-11385,0,123.186
1-3-0-2-1-1-4-3-0-0-1-1-4-0-0-2-4-4-27-10-17-0-0-8-2000-1000-11385,0,136.563
1-3-0-2-1-1-4-3-0-0-1-1-4-0-0-2-4-4-27-10-17-0-0-8-2000-1000-11401,0,131.524
1-3-0-2-1-1-4-3-0-0-1-1-4-0-0-2-4-4-27-10-17-0-0-8-2000-1000-11401,0,130.619
1-3-0-2-1-1-4-3-0-0-1-1-4-0-0-2-4-4-27-10-17-0-0-8-2000-1000-11401,0,131.523
1-3-0-2-1-1-4-3-0-0-1-1-4-0-0-2-4-4-27-10-17-0-0-8-2000-1000-11429,0,128.253
1-3-0-2-1-1-4-3-0-0-1-1-4-0-0-2-4-4-27-10-17-0-0-8-2000-1000-11429,0,138.677
1-3-0-2-1-1-4-3-0-0-1-1-4-0-0-2-4-4-27-10-17-0-0-8-2000-1000-11429,0,137.568
1-3-0-2-1-1-4-3-0-0-1-1-4-0-0-2-4-4-27-10-17-0-0-8-2000-1000-11430,0,131.393
1-3-0-2-1-1-4-3-0-0-1-1-4-0-0-2-4-4-27-10-17-0-0-8-2000-1000-11430,0,129.117
1-3-0-2-1-1-4-3-0-0-1-1-4-0-0-2-4-4-27-10-17-0-0-8-2000-1000-11430,0,119.255
1-3-0-2-1-1-4-3-0-0-1-1-4-0-0-2-4-4-27-10-17-0-0-8-2000-1000-11457,0,123.032
1-3-0-2-1-1-4-3-0-0-1-1-4-0-0-2-4-4-27-10-17-0-0-8-2000-1000-11457,0,145.76
1-3-0-2-1-1-4-3-0-0-1-1-4-0-0-2-4-4-27-10-17-0-0-8-2000-1000-11457,0,132.339
1-3-0-2-1-1-4-3-0-0-1-1-4-0-0-2-4-4-27-10-17-0-0-8-2000-1000-11477,0,135.273
1-3-0-2-1-1-4-3-0-0-1-1-4-0-0-2-4-4-27-10-17-0-0-8-2000-1000-11477,0,136.221
1-3-0-2-1-1-4-3-0-0-1-1-4-0-0-2-4-4-27-10-17-0-0-8-2000-1000-11477,0,129.618
1-3-0-2-1-1-4-3-0-0-1-1-4-0-0-2-4-4-27-10-17-0-0-8-2000-1000-11481,0,139.243
1-3-0-2-1-1-4-3-0-0-1-1-4-0-0-2-4-4-27-10-17-0-0-8-2000-1000-11481,0,133.419
1-3-0-2-1-1-4-3-0-0-1-1-4-0-0-2-4-4-27-10-17-0-0-8-2000-1000-11481,0,135.182
1-3-0-2-1-1-4-3-0-0-1-1-4-0-0-2-4-4-27-10-17-0-0-8-2000-1000-11497,0,118.877
1-3-0-2-1-1-4-3-0-0-1-1-4-0-0-2-4-4-27-10-17-0-0-8-2000-1000-11497,0,106.568
1-3-0-2-1-1-4-3-0-0-1-1-4-0-0-2-4-4-27-10-17-0-0-8-2000-1000-11497,0,130.732
1-3-0-2-1-1-4-3-0-0-1-1-4-0-0-2-4-4-27-10-17-0-0-8-2000-1000-11500,0,107.248
1-3-0-2-1-1-4-3-0-0-1-1-4-0-0-2-4-4-27-10-17-0-0-8-2000-1000-11500,0,111.488
1-3-0-2-1-1-4-3-0-0-1-1-4-0-0-2-4-4-27-10-17-0-0-8-2000-1000-11500,0,95.552
1-3-0-2-1-1-4-3-0-0-1-1-4-0-0-2-4-4-27-10-17-0-0-8-2000-1000-11587,0,127.862
1-3-0-2-1-1-4-3-0-0-1-1-4-0-0-2-4-4-27-10-17-0-0-8-2000-1000-11587,0,135.19
1-3-0-2-1-1-4-3-0-0-1-1-4-0-0-2-4-4-27-10-17-0-0-8-2000-1000-11587,0,137.364
1-3-0-2-1-1-4-3-0-0-1-1-4-0-0-2-4-4-27-10-17-0-0-8-2000-1000-11604,0,110.338
1-3-0-2-1-1-4-3-0-0-1-1-4-0-0-2-4-4-27-10-17-0-0-8-2000-1000-11604,0,102.147
1-3-0-2-1-1-4-3-0-0-1-1-4-0-0-2-4-4-27-10-17-0-0-8-2000-1000-11604,0,115.352
1-3-0-2-1-1-4-3-0-0-1-1-4-0-0-2-4-4-27-10-17-0-0-8-2000-1000-11608,0,85.8818
1-3-0-2-1-1-4-3-0-0-1-1-4-0-0-2-4-4-27-10-17-0-0-8-2000-1000-11608,0,85.0331
1-3-0-2-1-1-4-3-0-0-1-1-4-0-0-2-4-4-27-10-17-0-0-8-2000-1000-11608,0,85.5379
1-3-0-2-1-1-4-3-0-0-1-1-4-0-0-2-4-4-27-10-17-0-0-8-2000-1000-11712,0,93.9926
1-3-0-2-1-1-4-3-0-0-1-1-4-0-0-2-4-4-27-10-17-0-0-8-2000-1000-11712,0,97.6771
1-3-0-2-1-1-4-3-0-0-1-1-4-0-0-2-4-4-27-10-17-0-0-8-2000-1000-11712,0,90.3589
1-3-0-2-1-1-4-3-0-0-1-1-4-0-0-2-4-4-27-10-17-0-0-8-2000-1000-11753,0,140.962
1-3-0-2-1-1-4-3-0-0-1-1-4-0-0-2-4-4-27-10-17-0-0-8-2000-1000-11753,0,138.191
1-3-0-2-1-1-4-3-0-0-1-1-4-0-0-2-4-4-27-10-17-0-0-8-2000-1000-11753,0,129.704
1-3-0-2-1-1-4-3-0-0-1-1-4-0-0-2-4-4-27-10-17-0-0-8-2000-1000-11780,0,108.095
1-3-0-2-1-1-4-3-0-0-1-1-4-0-0-2-4-4-27-10-17-0-0-8-2000-1000-11780,0,116.336
1-3-0-2-1-1-4-3-0-0-1-1-4-0-0-2-4-4-27-10-17-0-0-8-2000-1000-11780,0,102.402
1-3-0-2-1-1-4-3-0-0-1-1-4-0-0-2-4-4-27-10-17-0-0-8-2000-1000-11790,0,132.539
1-3-0-2-1-1-4-3-0-0-1-1-4-0-0-2-4-4-27-10-17-0-0-8-2000-1000-11790,0,132.829
1-3-0-2-1-1-4-3-0-0-1-1-4-0-0-2-4-4-27-10-17-0-0-8-2000-1000-11790,0,134.58
1-3-0-2-1-1-4-3-0-0-1-1-4-0-0-2-4-4-27-10-17-0-0-8-2000-1000-11792,0,82.6745
1-3-0-2-1-1-4-3-0-0-1-1-4-0-0-2-4-4-27-10-17-0-0-8-2000-1000-11792,0,80.4282
1-3-0-2-1-1-4-3-0-0-1-1-4-0-0-2-4-4-27-10-17-0-0-8-2000-1000-11792,0,80.1023
1-3-0-2-1-1-4-3-0-0-1-1-4-0-0-2-4-4-27-10-17-0-0-8-2000-1000-11794,0,125.937
1-3-0-2-1-1-4-3-0-0-1-1-4-0-0-2-4-4-27-10-17-0-0-8-2000-1000-11794,0,136.925
1-3-0-2-1-1-4-3-0-0-1-1-4-0-0-2-4-4-27-10-17-0-0-8-2000-1000-11794,0,133.227
1-3-0-2-1-1-4-3-0-0-1-1-4-0-0-2-4-4-27-10-17-0-0-8-2000-1000-11796,0,130.839
1-3-0-2-1-1-4-3-0-0-1-1-4-0-0-2-4-4-27-10-17-0-0-8-2000-1000-11796,0,122.04
1-3-0-2-1-1-4-3-0-0-1-1-4-0-0-2-4-4-27-10-17-0-0-8-2000-1000-11796,0,116.929
1-3-0-2-1-1-4-3-0-0-1-1-4-0-0-2-4-4-27-10-17-0-0-8-2000-1000-11867,0,146.323
1-3-0-2-1-1-4-3-0-0-1-1-4-0-0-2-4-4-27-10-17-0-0-8-2000-1000-11867,0,142.432
1-3-0-2-1-1-4-3-0-0-1-1-4-0-0-2-4-4-27-10-17-0-0-8-2000-1000-11867,0,122.046
1-3-0-2-1-1-4-3-0-0-1-1-4-0-0-2-4-4-27-10-17-0-0-8-2000-1000-11990,0,142.706
1-3-0-2-1-1-4-3-0-0-1-1-4-0-0-2-4-4-27-10-17-0-0-8-2000-1000-11990,0,132.166
1-3-0-2-1-1-4-3-0-0-1-1-4-0-0-2-4-4-27-10-17-0-0-8-2000-1000-11990,0,136.101
1-3-0-2-1-1-4-3-0-0-1-1-4-0-0-2-4-4-27-10-17-0-0-8-2000-1000-11998,0,138.155
1-3-0-2-1-1-4-3-0-0-1-1-4-0-0-2-4-4-27-10-17-0-0-8-2000-1000-11998,0,136.992
1-3-0-2-1-1-4-3-0-0-1-1-4-0-0-2-4-4-27-10-17-0-0-8-2000-1000-11998,0,138.558
1-3-0-2-1-1-4-3-0-0-1-1-4-0-0-2-4-4-27-10-17-0-0-8-2000-1000-12000,0,88.6574
1-3-0-2-1-1-4-3-0-0-1-1-4-0-0-2-4-4-27-10-17-0-0-8-2000-1000-12000,0,88.4001
1-3-0-2-1-1-4-3-0-0-1-1-4-0-0-2-4-4-27-10-17-0-0-8-2000-1000-12000,0,92.0212
1-3-0-2-1-1-4-3-0-0-1-1-4-0-0-2-4-4-27-10-17-0-0-8-2000-1000-12026,0,139.094
1-3-0-2-1-1-4-3-0-0-1-1-4-0-0-2-4-4-27-10-17-0-0-8-2000-1000-12026,0,138.883
1-3-0-2-1-1-4-3-0-0-1-1-4-0-0-2-4-4-27-10-17-0-0-8-2000-1000-12026,0,120.615
1-3-0-2-1-1-4-3-0-0-1-1-4-0-0-2-4-4-27-10-17-0-0-8-2000-1000-12040,0,89.4887
1-3-0-2-1-1-4-3-0-0-1-1-4-0-0-2-4-4-27-10-17-0-0-8-2000-1000-12040,0,93.8708
1-3-0-2-1-1-4-3-0-0-1-1-4-0-0-2-4-4-27-10-17-0-0-8-2000-1000-12040,0,90.9626
1-3-0-2-1-1-4-3-0-0-1-1-4-0-0-2-4-4-27-10-17-0-0-8-2000-1000-12052,0,122.848
1-3-0-2-1-1-4-3-0-0-1-1-4-0-0-2-4-4-27-10-17-0-0-8-2000-1000-12052,0,126.581
1-3-0-2-1-1-4-3-0-0-1-1-4-0-0-2-4-4-27-10-17-0-0-8-2000-1000-12052,0,123.793
1-3-0-2-1-1-4-3-0-0-1-1-4-0-0-2-4-4-27-10-17-0-0-8-2000-1000-12063,0,151.475
1-3-0-2-1-1-4-3-0-0-1-1-4-0-0-2-4-4-27-10-17-0-0-8-2000-1000-12063,0,158.569
1-3-0-2-1-1-4-3-0-0-1-1-4-0-0-2-4-4-27-10-17-0-0-8-2000-1000-12063,0,146.709
1-3-0-2-1-1-4-3-0-0-1-1-4-0-0-2-4-4-27-10-17-0-0-8-2000-1000-12090,0,137.603
1-3-0-2-1-1-4-3-0-0-1-1-4-0-0-2-4-4-27-10-17-0-0-8-2000-1000-12090,0,139.93
1-3-0-2-1-1-4-3-0-0-1-1-4-0-0-2-4-4-27-10-17-0-0-8-2000-1000-12090,0,142.314
1-3-0-2-1-1-4-3-0-0-1-1-4-0-0-2-4-4-27-10-17-0-0-8-2000-1000-12125,0,152.168
1-3-0-2-1-1-4-3-0-0-1-1-4-0-0-2-4-4-27-10-17-0-0-8-2000-1000-12125,0,149.17
1-3-0-2-1-1-4-3-0-0-1-1-4-0-0-2-4-4-27-10-17-0-0-8-2000-1000-12125,0,154.912
1-3-0-2-1-1-4-3-0-0-1-1-4-0-0-2-4-4-27-10-17-0-0-8-2000-1000-12129,0,129.82
1-3-0-2-1-1-4-3-0-0-1-1-4-0-0-2-4-4-27-10-17-0-0-8-2000-1000-12129,0,147.315
1-3-0-2-1-1-4-3-0-0-1-1-4-0-0-2-4-4-27-10-17-0-0-8-2000-1000-12129,0,157.918
1-3-0-2-1-1-4-3-0-0-1-1-4-0-0-2-4-4-27-10-17-0-0-8-2000-1000-12151,0,136.672
1-3-0-2-1-1-4-3-0-0-1-1-4-0-0-2-4-4-27-10-17-0-0-8-2000-1000-12151,0,93.8721
1-3-0-2-1-1-4-3-0-0-1-1-4-0-0-2-4-4-27-10-17-0-0-8-2000-1000-12151,0,118.212
1-3-0-2-1-1-4-3-0-0-1-1-4-0-0-2-4-4-27-10-17-0-0-8-2000-1000-12189,0,147.739
1-3-0-2-1-1-4-3-0-0-1-1-4-0-0-2-4-4-27-10-17-0-0-8-2000-1000-12189,0,125.587
1-3-0-2-1-1-4-3-0-0-1-1-4-0-0-2-4-4-27-10-17-0-0-8-2000-1000-12189,0,121.726
1-3-0-2-1-1-4-3-0-0-1-1-4-0-0-2-4-4-27-10-17-0-0-8-2000-1000-12191,0,108.55
1-3-0-2-1-1-4-3-0-0-1-1-4-0-0-2-4-4-27-10-17-0-0-8-2000-1000-12191,0,129.561
1-3-0-2-1-1-4-3-0-0-1-1-4-0-0-2-4-4-27-10-17-0-0-8-2000-1000-12191,0,131.89
1-3-0-2-1-1-4-3-0-0-1-1-4-0-0-2-4-4-27-10-17-0-0-8-2000-1000-12211,0,116.621
1-3-0-2-1-1-4-3-0-0-1-1-4-0-0-2-4-4-27-10-17-0-0-8-2000-1000-12211,0,118.942
1-3-0-2-1-1-4-3-0-0-1-1-4-0-0-2-4-4-27-10-17-0-0-8-2000-1000-12211,0,126.878
1-3-0-2-1-1-4-3-0-0-1-1-4-0-0-2-4-4-27-10-17-0-0-8-2000-1000-12216,0,92.897
1-3-0-2-1-1-4-3-0-0-1-1-4-0-0-2-4-4-27-10-17-0-0-8-2000-1000-12216,0,96.965
1-3-0-2-1-1-4-3-0-0-1-1-4-0-0-2-4-4-27-10-17-0-0-8-2000-1000-12216,0,94.7035
1-3-0-2-1-1-4-3-0-0-1-1-4-0-0-2-4-4-27-10-17-0-0-8-2000-1000-12287,0,176.545
1-3-0-2-1-1-4-3-0-0-1-1-4-0-0-2-4-4-27-10-17-0-0-8-2000-1000-12287,0,167.631
1-3-0-2-1-1-4-3-0-0-1-1-4-0-0-2-4-4-27-10-17-0-0-8-2000-1000-12287,0,166.712
1-3-0-2-1-1-4-3-0-0-1-1-4-0-0-2-4-4-27-10-17-0-0-8-2000-1000-12392,0,98.2708
1-3-0-2-1-1-4-3-0-0-1-1-4-0-0-2-4-4-27-10-17-0-0-8-2000-1000-12392,0,97.8569
1-3-0-2-1-1-4-3-0-0-1-1-4-0-0-2-4-4-27-10-17-0-0-8-2000-1000-12392,0,100.196
1-3-0-2-1-1-4-3-0-0-1-1-4-0-0-2-4-4-27-10-17-0-0-8-2000-1000-12407,0,165.79
1-3-0-2-1-1-4-3-0-0-1-1-4-0-0-2-4-4-27-10-17-0-0-8-2000-1000-12407,0,154.484
1-3-0-2-1-1-4-3-0-0-1-1-4-0-0-2-4-4-27-10-17-0-0-8-2000-1000-12407,0,159.272
1-3-0-2-1-1-4-3-0-0-1-1-4-0-0-2-4-4-27-10-17-0-0-8-2000-1000-12413,0,165.255
1-3-0-2-1-1-4-3-0-0-1-1-4-0-0-2-4-4-27-10-17-0-0-8-2000-1000-12413,0,154.897
1-3-0-2-1-1-4-3-0-0-1-1-4-0-0-2-4-4-27-10-17-0-0-8-2000-1000-12413,0,153.646
1-3-0-2-1-1-4-3-0-0-1-1-4-0-0-2-4-4-27-10-17-0-0-8-2000-1000-12485,0,148.838
1-3-0-2-1-1-4-3-0-0-1-1-4-0-0-2-4-4-27-10-17-0-0-8-2000-1000-12485,0,149.825
1-3-0-2-1-1-4-3-0-0-1-1-4-0-0-2-4-4-27-10-17-0-0-8-2000-1000-12485,0,165.665
1-3-0-2-1-1-4-3-0-0-1-1-4-0-0-2-4-4-27-10-17-0-0-8-2000-1000-12500,0,119.583
1-3-0-2-1-1-4-3-0-0-1-1-4-0-0-2-4-4-27-10-17-0-0-8-2000-1000-12500,0,131.715
1-3-0-2-1-1-4-3-0-0-1-1-4-0-0-2-4-4-27-10-17-0-0-8-2000-1000-12500,0,131.874
1-3-0-2-1-1-4-3-0-0-1-1-4-0-0-2-4-4-27-10-17-0-0-8-2000-1000-12540,0,127.676
1-3-0-2-1-1-4-3-0-0-1-1-4-0-0-2-4-4-27-10-17-0-0-8-2000-1000-12540,0,133.333
1-3-0-2-1-1-4-3-0-0-1-1-4-0-0-2-4-4-27-10-17-0-0-8-2000-1000-12540,0,132.803
1-3-0-2-1-1-4-3-0-0-1-1-4-0-0-2-4-4-27-10-17-0-0-8-2000-1000-12543,0,167.401
1-3-0-2-1-1-4-3-0-0-1-1-4-0-0-2-4-4-27-10-17-0-0-8-2000-1000-12543,0,160.23
1-3-0-2-1-1-4-3-0-0-1-1-4-0-0-2-4-4-27-10-17-0-0-8-2000-1000-12543,0,162.493
1-3-0-2-1-1-4-3-0-0-1-1-4-0-0-2-4-4-27-10-17-0-0-8-2000-1000-12545,0,152.027
1-3-0-2-1-1-4-3-0-0-1-1-4-0-0-2-4-4-27-10-17-0-0-8-2000-1000-12545,0,161.062
1-3-0-2-1-1-4-3-0-0-1-1-4-0-0-2-4-4-27-10-17-0-0-8-2000-1000-12545,0,155.729
1-3-0-2-1-1-4-3-0-0-1-1-4-0-0-2-4-4-27-10-17-0-0-8-2000-1000-12642,0,147.414
1-3-0-2-1-1-4-3-0-0-1-1-4-0-0-2-4-4-27-10-17-0-0-8-2000-1000-12642,0,147.557
1-3-0-2-1-1-4-3-0-0-1-1-4-0-0-2-4-4-27-10-17-0-0-8-2000-1000-12642,0,157.253
1-3-0-2-1-1-4-3-0-0-1-1-4-0-0-2-4-4-27-10-17-0-0-8-2000-1000-10000,1,1.79962
1-3-0-2-1-1-4-3-0-0-1-1-4-0-0-2-4-4-27-10-17-0-0-8-2000-1000-10000,1,1.8119
1-3-0-2-1-1-4-3-0-0-1-1-4-0-0-2-4-4-27-10-17-0-0-8-2000-1000-10000,1,1.78897
1-3-0-2-1-1-4-3-0-0-1-1-4-0-0-2-4-4-27-10-17-0-0-8-2000-1000-10026,1,1.94104
1-3-0-2-1-1-4-3-0-0-1-1-4-0-0-2-4-4-27-10-17-0-0-8-2000-1000-10026,1,1.93125
1-3-0-2-1-1-4-3-0-0-1-1-4-0-0-2-4-4-27-10-17-0-0-8-2000-1000-10026,1,1.9633
1-3-0-2-1-1-4-3-0-0-1-1-4-0-0-2-4-4-27-10-17-0-0-8-2000-1000-10141,1,2.0094
1-3-0-2-1-1-4-3-0-0-1-1-4-0-0-2-4-4-27-10-17-0-0-8-2000-1000-10141,1,2.01418
1-3-0-2-1-1-4-3-0-0-1-1-4-0-0-2-4-4-27-10-17-0-0-8-2000-1000-10141,1,2.01249
1-3-0-2-1-1-4-3-0-0-1-1-4-0-0-2-4-4-27-10-17-0-0-8-2000-1000-10198,1,2.01344
1-3-0-2-1-1-4-3-0-0-1-1-4-0-0-2-4-4-27-10-17-0-0-8-2000-1000-10198,1,2.01448
1-3-0-2-1-1-4-3-0-0-1-1-4-0-0-2-4-4-27-10-17-0-0-8-2000-1000-10198,1,1.98956
1-3-0-2-1-1-4-3-0-0-1-1-4-0-0-2-4-4-27-10-17-0-0-8-2000-1000-10230,1,1.99674
1-3-0-2-1-1-4-3-0-0-1-1-4-0-0-2-4-4-27-10-17-0-0-8-2000-1000-10230,1,2.01894
1-3-0-2-1-1-4-3-0-0-1-1-4-0-0-2-4-4-27-10-17-0-0-8-2000-1000-10230,1,2.04629
1-3-0-2-1-1-4-3-0-0-1-1-4-0-0-2-4-4-27-10-17-0-0-8-2000-1000-10238,1,2.04814
1-3-0-2-1-1-4-3-0-0-1-1-4-0-0-2-4-4-27-10-17-0-0-8-2000-1000-10238,1,2.02083
1-3-0-2-1-1-4-3-0-0-1-1-4-0-0-2-4-4-27-10-17-0-0-8-2000-1000-10238,1,2.00029
1-3-0-2-1-1-4-3-0-0-1-1-4-0-0-2-4-4-27-10-17-0-0-8-2000-1000-10275,1,2.06624
1-3-0-2-1-1-4-3-0-0-1-1-4-0-0-2-4-4-27-10-17-0-0-8-2000-1000-10275,1,2.0481
1-3-0-2-1-1-4-3-0-0-1-1-4-0-0-2-4-4-27-10-17-0-0-8-2000-1000-10275,1,2.04085
1-3-0-2-1-1-4-3-0-0-1-1-4-0-0-2-4-4-27-10-17-0-0-8-2000-1000-10311,1,2.06673
1-3-0-2-1-1-4-3-0-0-1-1-4-0-0-2-4-4-27-10-17-0-0-8-2000-1000-10311,1,2.04825
1-3-0-2-1-1-4-3-0-0-1-1-4-0-0-2-4-4-27-10-17-0-0-8-2000-1000-10311,1,2.05634
1-3-0-2-1-1-4-3-0-0-1-1-4-0-0-2-4-4-27-10-17-0-0-8-2000-1000-10316,1,2.04583
1-3-0-2-1-1-4-3-0-0-1-1-4-0-0-2-4-4-27-10-17-0-0-8-2000-1000-10316,1,2.00165
1-3-0-2-1-1-4-3-0-0-1-1-4-0-0-2-4-4-27-10-17-0-0-8-2000-1000-10316,1,2.00796
1-3-0-2-1-1-4-3-0-0-1-1-4-0-0-2-4-4-27-10-17-0-0-8-2000-1000-10332,1,2.02122
1-3-0-2-1-1-4-3-0-0-1-1-4-0-0-2-4-4-27-10-17-0-0-8-2000-1000-10332,1,1.99838
1-3-0-2-1-1-4-3-0-0-1-1-4-0-0-2-4-4-27-10-17-0-0-8-2000-1000-10332,1,2.05282
1-3-0-2-1-1-4-3-0-0-1-1-4-0-0-2-4-4-27-10-17-0-0-8-2000-1000-10335,1,2.06906
1-3-0-2-1-1-4-3-0-0-1-1-4-0-0-2-4-4-27-10-17-0-0-8-2000-1000-10335,1,2.07958
1-3-0-2-1-1-4-3-0-0-1-1-4-0-0-2-4-4-27-10-17-0-0-8-2000-1000-10335,1,2.08222
1-3-0-2-1-1-4-3-0-0-1-1-4-0-0-2-4-4-27-10-17-0-0-8-2000-1000-10337,1,2.05686
1-3-0-2-1-1-4-3-0-0-1-1-4-0-0-2-4-4-27-10-17-0-0-8-2000-1000-10337,1,2.04384
1-3-0-2-1-1-4-3-0-0-1-1-4-0-0-2-4-4-27-10-17-0-0-8-2000-1000-10337,1,2.0872
1-3-0-2-1-1-4-3-0-0-1-1-4-0-0-2-4-4-27-10-17-0-0-8-2000-1000-10349,1,2.06302
1-3-0-2-1-1-4-3-0-0-1-1-4-0-0-2-4-4-27-10-17-0-0-8-2000-1000-10349,1,2.0173
1-3-0-2-1-1-4-3-0-0-1-1-4-0-0-2-4-4-27-10-17-0-0-8-2000-1000-10349,1,1.68646
1-3-0-2-1-1-4-3-0-0-1-1-4-0-0-2-4-4-27-10-17-0-0-8-2000-1000-10350,1,1.912
1-3-0-2-1-1-4-3-0-0-1-1-4-0-0-2-4-4-27-10-17-0-0-8-2000-1000-10350,1,1.86383
1-3-0-2-1-1-4-3-0-0-1-1-4-0-0-2-4-4-27-10-17-0-0-8-2000-1000-10350,1,1.86429
1-3-0-2-1-1-4-3-0-0-1-1-4-0-0-2-4-4-27-10-17-0-0-8-2000-1000-10353,1,1.76137
1-3-0-2-1-1-4-3-0-0-1-1-4-0-0-2-4-4-27-10-17-0-0-8-2000-1000-10353,1,1.92103
1-3-0-2-1-1-4-3-0-0-1-1-4-0-0-2-4-4-27-10-17-0-0-8-2000-1000-10353,1,1.62561
1-3-0-2-1-1-4-3-0-0-1-1-4-0-0-2-4-4-27-10-17-0-0-8-2000-1000-10380,1,1.65827
1-3-0-2-1-1-4-3-0-0-1-1-4-0-0-2-4-4-27-10-17-0-0-8-2000-1000-10380,1,1.75691
1-3-0-2-1-1-4-3-0-0-1-1-4-0-0-2-4-4-27-10-17-0-0-8-2000-1000-10380,1,1.62325
1-3-0-2-1-1-4-3-0-0-1-1-4-0-0-2-4-4-27-10-17-0-0-8-2000-1000-10387,1,1.90394
1-3-0-2-1-1-4-3-0-0-1-1-4-0-0-2-4-4-27-10-17-0-0-8-2000-1000-10387,1,1.86353
1-3-0-2-1-1-4-3-0-0-1-1-4-0-0-2-4-4-27-10-17-0-0-8-2000-1000-10387,1,1.60673
1-3-0-2-1-1-4-3-0-0-1-1-4-0-0-2-4-4-27-10-17-0-0-8-2000-1000-10407,1,1.64767
1-3-0-2-1-1-4-3-0-0-1-1-4-0-0-2-4-4-27-10-17-0-0-8-2000-1000-10407,1,1.8756
1-3-0-2-1-1-4-3-0-0-1-1-4-0-0-2-4-4-27-10-17-0-0-8-2000-1000-10407,1,2.05908
1-3-0-2-1-1-4-3-0-0-1-1-4-0-0-2-4-4-27-10-17-0-0-8-2000-1000-10426,1,1.91309
1-3-0-2-1-1-4-3-0-0-1-1-4-0-0-2-4-4-27-10-17-0-0-8-2000-1000-10426,1,1.67768
1-3-0-2-1-1-4-3-0-0-1-1-4-0-0-2-4-4-27-10-17-0-0-8-2000-1000-10426,1,1.95814
1-3-0-2-1-1-4-3-0-0-1-1-4-0-0-2-4-4-27-10-17-0-0-8-2000-1000-10451,1,2.1459
1-3-0-2-1-1-4-3-0-0-1-1-4-0-0-2-4-4-27-10-17-0-0-8-2000-1000-10451,1,2.12903
1-3-0-2-1-1-4-3-0-0-1-1-4-0-0-2-4-4-27-10-17-0-0-8-2000-1000-10451,1,2.09885
1-3-0-2-1-1-4-3-0-0-1-1-4-0-0-2-4-4-27-10-17-0-0-8-2000-1000-10476,1,2.00403
1-3-0-2-1-1-4-3-0-0-1-1-4-0-0-2-4-4-27-10-17-0-0-8-2000-1000-10476,1,2.05349
1-3-0-2-1-1-4-3-0-0-1-1-4-0-0-2-4-4-27-10-17-0-0-8-2000-1000-10476,1,2.05793
1-3-0-2-1-1-4-3-0-0-1-1-4-0-0-2-4-4-27-10-17-0-0-8-2000-1000-10481,1,2.11035
1-3-0-2-1-1-4-3-0-0-1-1-4-0-0-2-4-4-27-10-17-0-0-8-2000-1000-10481,1,2.11303
1-3-0-2-1-1-4-3-0-0-1-1-4-0-0-2-4-4-27-10-17-0-0-8-2000-1000-10481,1,2.11778
1-3-0-2-1-1-4-3-0-0-1-1-4-0-0-2-4-4-27-10-17-0-0-8-2000-1000-10488,1,2.02541
1-3-0-2-1-1-4-3-0-0-1-1-4-0-0-2-4-4-27-10-17-0-0-8-2000-1000-10488,1,2.01503
1-3-0-2-1-1-4-3-0-0-1-1-4-0-0-2-4-4-27-10-17-0-0-8-2000-1000-10488,1,2.03496
1-3-0-2-1-1-4-3-0-0-1-1-4-0-0-2-4-4-27-10-17-0-0-8-2000-1000-10500,1,2.0666
1-3-0-2-1-1-4-3-0-0-1-1-4-0-0-2-4-4-27-10-17-0-0-8-2000-1000-10500,1,2.07597
1-3-0-2-1-1-4-3-0-0-1-1-4-0-0-2-4-4-27-10-17-0-0-8-2000-1000-10500,1,2.06073
1-3-0-2-1-1-4-3-0-0-1-1-4-0-0-2-4-4-27-10-17-0-0-8-2000-1000-10522,1,2.10364
1-3-0-2-1-1-4-3-0-0-1-1-4-0-0-2-4-4-27-10-17-0-0-8-2000-1000-10522,1,2.10235
1-3-0-2-1-1-4-3-0-0-1-1-4-0-0-2-4-4-27-10-17-0-0-8-2000-1000-10522,1,2.10629
1-3-0-2-1-1-4-3-0-0-1-1-4-0-0-2-4-4-27-10-17-0-0-8-2000-1000-10555,1,2.12332
1-3-0-2-1-1-4-3-0-0-1-1-4-0-0-2-4-4-27-10-17-0-0-8-2000-1000-10555,1,2.13928
1-3-0-2-1-1-4-3-0-0-1-1-4-0-0-2-4-4-27-10-17-0-0-8-2000-1000-10555,1,2.12465
1-3-0-2-1-1-4-3-0-0-1-1-4-0-0-2-4-4-27-10-17-0-0-8-2000-1000-10579,1,2.15493
1-3-0-2-1-1-4-3-0-0-1-1-4-0-0-2-4-4-27-10-17-0-0-8-2000-1000-10579,1,2.15428
1-3-0-2-1-1-4-3-0-0-1-1-4-0-0-2-4-4-27-10-17-0-0-8-2000-1000-10579,1,2.15012
1-3-0-2-1-1-4-3-0-0-1-1-4-0-0-2-4-4-27-10-17-0-0-8-2000-1000-10591,1,2.14865
1-3-0-2-1-1-4-3-0-0-1-1-4-0-0-2-4-4-27-10-17-0-0-8-2000-1000-10591,1,2.13913
1-3-0-2-1-1-4-3-0-0-1-1-4-0-0-2-4-4-27-10-17-0-0-8-2000-1000-10591,1,2.18305
1-3-0-2-1-1-4-3-0-0-1-1-4-0-0-2-4-4-27-10-17-0-0-8-2000-1000-10606,1,2.1293
1-3-0-2-1-1-4-3-0-0-1-1-4-0-0-2-4-4-27-10-17-0-0-8-2000-1000-10606,1,2.14155
1-3-0-2-1-1-4-3-0-0-1-1-4-0-0-2-4-4-27-10-17-0-0-8-2000-1000-10606,1,2.13593
1-3-0-2-1-1-4-3-0-0-1-1-4-0-0-2-4-4-27-10-17-0-0-8-2000-1000-10614,1,2.14526
1-3-0-2-1-1-4-3-0-0-1-1-4-0-0-2-4-4-27-10-17-0-0-8-2000-1000-10614,1,2.13518
1-3-0-2-1-1-4-3-0-0-1-1-4-0-0-2-4-4-27-10-17-0-0-8-2000-1000-10614,1,2.12627
1-3-0-2-1-1-4-3-0-0-1-1-4-0-0-2-4-4-27-10-17-0-0-8-2000-1000-10621,1,2.16023
1-3-0-2-1-1-4-3-0-0-1-1-4-0-0-2-4-4-27-10-17-0-0-8-2000-1000-10621,1,2.16518
1-3-0-2-1-1-4-3-0-0-1-1-4-0-0-2-4-4-27-10-17-0-0-8-2000-1000-10621,1,2.17107
1-3-0-2-1-1-4-3-0-0-1-1-4-0-0-2-4-4-27-10-17-0-0-8-2000-1000-10622,1,2.1374
1-3-0-2-1-1-4-3-0-0-1-1-4-0-0-2-4-4-27-10-17-0-0-8-2000-1000-10622,1,2.14407
1-3-0-2-1-1-4-3-0-0-1-1-4-0-0-2-4-4-27-10-17-0-0-8-2000-1000-10622,1,2.13183
1-3-0-2-1-1-4-3-0-0-1-1-4-0-0-2-4-4-27-10-17-0-0-8-2000-1000-10724,1,2.15113
1-3-0-2-1-1-4-3-0-0-1-1-4-0-0-2-4-4-27-10-17-0-0-8-2000-1000-10724,1,2.12896
1-3-0-2-1-1-4-3-0-0-1-1-4-0-0-2-4-4-27-10-17-0-0-8-2000-1000-10724,1,2.14991
1-3-0-2-1-1-4-3-0-0-1-1-4-0-0-2-4-4-27-10-17-0-0-8-2000-1000-10728,1,2.0873
1-3-0-2-1-1-4-3-0-0-1-1-4-0-0-2-4-4-27-10-17-0-0-8-2000-1000-10728,1,1.73181
1-3-0-2-1-1-4-3-0-0-1-1-4-0-0-2-4-4-27-10-17-0-0-8-2000-1000-10728,1,1.77047
1-3-0-2-1-1-4-3-0-0-1-1-4-0-0-2-4-4-27-10-17-0-0-8-2000-1000-10733,1,1.79142
1-3-0-2-1-1-4-3-0-0-1-1-4-0-0-2-4-4-27-10-17-0-0-8-2000-1000-10733,1,2.20839
1-3-0-2-1-1-4-3-0-0-1-1-4-0-0-2-4-4-27-10-17-0-0-8-2000-1000-10733,1,2.17244
1-3-0-2-1-1-4-3-0-0-1-1-4-0-0-2-4-4-27-10-17-0-0-8-2000-1000-10808,1,2.12783
1-3-0-2-1-1-4-3-0-0-1-1-4-0-0-2-4-4-27-10-17-0-0-8-2000-1000-10808,1,2.11132
1-3-0-2-1-1-4-3-0-0-1-1-4-0-0-2-4-4-27-10-17-0-0-8-2000-1000-10808,1,2.09876
1-3-0-2-1-1-4-3-0-0-1-1-4-0-0-2-4-4-27-10-17-0-0-8-2000-1000-10833,1,2.2162
1-3-0-2-1-1-4-3-0-0-1-1-4-0-0-2-4-4-27-10-17-0-0-8-2000-1000-10833,1,2.21432
1-3-0-2-1-1-4-3-0-0-1-1-4-0-0-2-4-4-27-10-17-0-0-8-2000-1000-10833,1,2.14966
1-3-0-2-1-1-4-3-0-0-1-1-4-0-0-2-4-4-27-10-17-0-0-8-2000-1000-10892,1,2.16665
1-3-0-2-1-1-4-3-0-0-1-1-4-0-0-2-4-4-27-10-17-0-0-8-2000-1000-10892,1,2.17271
1-3-0-2-1-1-4-3-0-0-1-1-4-0-0-2-4-4-27-10-17-0-0-8-2000-1000-10892,1,2.17105
1-3-0-2-1-1-4-3-0-0-1-1-4-0-0-2-4-4-27-10-17-0-0-8-2000-1000-10894,1,2.21133
1-3-0-2-1-1-4-3-0-0-1-1-4-0-0-2-4-4-27-10-17-0-0-8-2000-1000-10894,1,2.18813
1-3-0-2-1-1-4-3-0-0-1-1-4-0-0-2-4-4-27-10-17-0-0-8-2000-1000-10894,1,2.24033
1-3-0-2-1-1-4-3-0-0-1-1-4-0-0-2-4-4-27-10-17-0-0-8-2000-1000-10917,1,2.20728
1-3-0-2-1-1-4-3-0-0-1-1-4-0-0-2-4-4-27-10-17-0-0-8-2000-1000-10917,1,2.26295
1-3-0-2-1-1-4-3-0-0-1-1-4-0-0-2-4-4-27-10-17-0-0-8-2000-1000-10917,1,2.20402
1-3-0-2-1-1-4-3-0-0-1-1-4-0-0-2-4-4-27-10-17-0-0-8-2000-1000-10923,1,2.26435
1-3-0-2-1-1-4-3-0-0-1-1-4-0-0-2-4-4-27-10-17-0-0-8-2000-1000-10923,1,2.20959
1-3-0-2-1-1-4-3-0-0-1-1-4-0-0-2-4-4-27-10-17-0-0-8-2000-1000-10923,1,2.21908
1-3-0-2-1-1-4-3-0-0-1-1-4-0-0-2-4-4-27-10-17-0-0-8-2000-1000-10941,1,2.21845
1-3-0-2-1-1-4-3-0-0-1-1-4-0-0-2-4-4-27-10-17-0-0-8-2000-1000-10941,1,2.26466
1-3-0-2-1-1-4-3-0-0-1-1-4-0-0-2-4-4-27-10-17-0-0-8-2000-1000-10941,1,2.21325
1-3-0-2-1-1-4-3-0-0-1-1-4-0-0-2-4-4-27-10-17-0-0-8-2000-1000-10959,1,2.29947
1-3-0-2-1-1-4-3-0-0-1-1-4-0-0-2-4-4-27-10-17-0-0-8-2000-1000-10959,1,2.24201
1-3-0-2-1-1-4-3-0-0-1-1-4-0-0-2-4-4-27-10-17-0-0-8-2000-1000-10959,1,2.24661
1-3-0-2-1-1-4-3-0-0-1-1-4-0-0-2-4-4-27-10-17-0-0-8-2000-1000-10977,1,2.26866
1-3-0-2-1-1-4-3-0-0-1-1-4-0-0-2-4-4-27-10-17-0-0-8-2000-1000-10977,1,2.2606
1-3-0-2-1-1-4-3-0-0-1-1-4-0-0-2-4-4-27-10-17-0-0-8-2000-1000-10977,1,2.24705
1-3-0-2-1-1-4-3-0-0-1-1-4-0-0-2-4-4-27-10-17-0-0-8-2000-1000-10984,1,2.16231
1-3-0-2-1-1-4-3-0-0-1-1-4-0-0-2-4-4-27-10-17-0-0-8-2000-1000-10984,1,2.1614
1-3-0-2-1-1-4-3-0-0-1-1-4-0-0-2-4-4-27-10-17-0-0-8-2000-1000-10984,1,2.14734
1-3-0-2-1-1-4-3-0-0-1-1-4-0-0-2-4-4-27-10-17-0-0-8-2000-1000-11000,1,2.15983
1-3-0-2-1-1-4-3-0-0-1-1-4-0-0-2-4-4-27-10-17-0-0-8-2000-1000-11000,1,2.17171
1-3-0-2-1-1-4-3-0-0-1-1-4-0-0-2-4-4-27-10-17-0-0-8-2000-1000-11000,1,2.15332
1-3-0-2-1-1-4-3-0-0-1-1-4-0-0-2-4-4-27-10-17-0-0-8-2000-1000-11001,1,2.28186
1-3-0-2-1-1-4-3-0-0-1-1-4-0-0-2-4-4-27-10-17-0-0-8-2000-1000-11001,1,2.26231
1-3-0-2-1-1-4-3-0-0-1-1-4-0-0-2-4-4-27-10-17-0-0-8-2000-1000-11001,1,2.2879
1-3-0-2-1-1-4-3-0-0-1-1-4-0-0-2-4-4-27-10-17-0-0-8-2000-1000-11002,1,2.25631
1-3-0-2-1-1-4-3-0-0-1-1-4-0-0-2-4-4-27-10-17-0-0-8-2000-1000-11002,1,2.32649
1-3-0-2-1-1-4-3-0-0-1-1-4-0-0-2-4-4-27-10-17-0-0-8-2000-1000-11002,1,2.25863
1-3-0-2-1-1-4-3-0-0-1-1-4-0-0-2-4-4-27-10-17-0-0-8-2000-1000-11012,1,2.25537
1-3-0-2-1-1-4-3-0-0-1-1-4-0-0-2-4-4-27-10-17-0-0-8-2000-1000-11012,1,2.20539
1-3-0-2-1-1-4-3-0-0-1-1-4-0-0-2-4-4-27-10-17-0-0-8-2000-1000-11012,1,2.25357
1-3-0-2-1-1-4-3-0-0-1-1-4-0-0-2-4-4-27-10-17-0-0-8-2000-1000-11017,1,2.28701
1-3-0-2-1-1-4-3-0-0-1-1-4-0-0-2-4-4-27-10-17-0-0-8-2000-1000-11017,1,2.32497
1-3-0-2-1-1-4-3-0-0-1-1-4-0-0-2-4-4-27-10-17-0-0-8-2000-1000-11017,1,2.2985
1-3-0-2-1-1-4-3-0-0-1-1-4-0-0-2-4-4-27-10-17-0-0-8-2000-1000-11056,1,2.13121
1-3-0-2-1-1-4-3-0-0-1-1-4-0-0-2-4-4-27-10-17-0-0-8-2000-1000-11056,1,2.09397
1-3-0-2-1-1-4-3-0-0-1-1-4-0-0-2-4-4-27-10-17-0-0-8-2000-1000-11056,1,2.11297
1-3-0-2-1-1-4-3-0-0-1-1-4-0-0-2-4-4-27-10-17-0-0-8-2000-1000-11059,1,2.25337
1-3-0-2-1-1-4-3-0-0-1-1-4-0-0-2-4-4-27-10-17-0-0-8-2000-1000-11059,1,2.30089
1-3-0-2-1-1-4-3-0-0-1-1-4-0-0-2-4-4-27-10-17-0-0-8-2000-1000-11059,1,2.29307
1-3-0-2-1-1-4-3-0-0-1-1-4-0-0-2-4-4-27-10-17-0-0-8-2000-1000-11081,1,2.33077
1-3-0-2-1-1-4-3-0-0-1-1-4-0-0-2-4-4-27-10-17-0-0-8-2000-1000-11081,1,2.30874
1-3-0-2-1-1-4-3-0-0-1-1-4-0-0-2-4-4-27-10-17-0-0-8-2000-1000-11081,1,2.31707
1-3-0-2-1-1-4-3-0-0-1-1-4-0-0-2-4-4-27-10-17-0-0-8-2000-1000-11087,1,2.30484
1-3-0-2-1-1-4-3-0-0-1-1-4-0-0-2-4-4-27-10-17-0-0-8-2000-1000-11087,1,2.32599
1-3-0-2-1-1-4-3-0-0-1-1-4-0-0-2-4-4-27-10-17-0-0-8-2000-1000-11087,1,2.28234
1-3-0-2-1-1-4-3-0-0-1-1-4-0-0-2-4-4-27-10-17-0-0-8-2000-1000-11119,1,2.32968
1-3-0-2-1-1-4-3-0-0-1-1-4-0-0-2-4-4-27-10-17-0-0-8-2000-1000-11119,1,2.30168
1-3-0-2-1-1-4-3-0-0-1-1-4-0-0-2-4-4-27-10-17-0-0-8-2000-1000-11119,1,2.36485
1-3-0-2-1-1-4-3-0-0-1-1-4-0-0-2-4-4-27-10-17-0-0-8-2000-1000-11135,1,2.33506
1-3-0-2-1-1-4-3-0-0-1-1-4-0-0-2-4-4-27-10-17-0-0-8-2000-1000-11135,1,2.34857
1-3-0-2-1-1-4-3-0-0-1-1-4-0-0-2-4-4-27-10-17-0-0-8-2000-1000-11135,1,2.33218
1-3-0-2-1-1-4-3-0-0-1-1-4-0-0-2-4-4-27-10-17-0-0-8-2000-1000-11144,1,2.23993
1-3-0-2-1-1-4-3-0-0-1-1-4-0-0-2-4-4-27-10-17-0-0-8-2000-1000-11144,1,2.19452
1-3-0-2-1-1-4-3-0-0-1-1-4-0-0-2-4-4-27-10-17-0-0-8-2000-1000-11144,1,2.23372
1-3-0-2-1-1-4-3-0-0-1-1-4-0-0-2-4-4-27-10-17-0-0-8-2000-1000-11161,1,2.33168
1-3-0-2-1-1-4-3-0-0-1-1-4-0-0-2-4-4-27-10-17-0-0-8-2000-1000-11161,1,2.34386
1-3-0-2-1-1-4-3-0-0-1-1-4-0-0-2-4-4-27-10-17-0-0-8-2000-1000-11161,1,2.33509
1-3-0-2-1-1-4-3-0-0-1-1-4-0-0-2-4-4-27-10-17-0-0-8-2000-1000-11175,1,2.35294
1-3-0-2-1-1-4-3-0-0-1-1-4-0-0-2-4-4-27-10-17-0-0-8-2000-1000-11175,1,2.32219
1-3-0-2-1-1-4-3-0-0-1-1-4-0-0-2-4-4-27-10-17-0-0-8-2000-1000-11175,1,2.37351
1-3-0-2-1-1-4-3-0-0-1-1-4-0-0-2-4-4-27-10-17-0-0-8-2000-1000-11190,1,2.30814
1-3-0-2-1-1-4-3-0-0-1-1-4-0-0-2-4-4-27-10-17-0-0-8-2000-1000-11190,1,2.31031
1-3-0-2-1-1-4-3-0-0-1-1-4-0-0-2-4-4-27-10-17-0-0-8-2000-1000-11190,1,2.27318
1-3-0-2-1-1-4-3-0-0-1-1-4-0-0-2-4-4-27-10-17-0-0-8-2000-1000-11200,1,2.1579
1-3-0-2-1-1-4-3-0-0-1-1-4-0-0-2-4-4-27-10-17-0-0-8-2000-1000-11200,1,2.13105
1-3-0-2-1-1-4-3-0-0-1-1-4-0-0-2-4-4-27-10-17-0-0-8-2000-1000-11200,1,2.135
1-3-0-2-1-1-4-3-0-0-1-1-4-0-0-2-4-4-27-10-17-0-0-8-2000-1000-11250,1,2.36928
1-3-0-2-1-1-4-3-0-0-1-1-4-0-0-2-4-4-27-10-17-0-0-8-2000-1000-11250,1,2.32829
1-3-0-2-1-1-4-3-0-0-1-1-4-0-0-2-4-4-27-10-17-0-0-8-2000-1000-11250,1,2.32613
1-3-0-2-1-1-4-3-0-0-1-1-4-0-0-2-4-4-27-10-17-0-0-8-2000-1000-11289,1,2.35339
1-3-0-2-1-1-4-3-0-0-1-1-4-0-0-2-4-4-27-10-17-0-0-8-2000-1000-11289,1,2.39193
1-3-0-2-1-1-4-3-0-0-1-1-4-0-0-2-4-4-27-10-17-0-0-8-2000-1000-11289,1,2.36569
1-3-0-2-1-1-4-3-0-0-1-1-4-0-0-2-4-4-27-10-17-0-0-8-2000-1000-11351,1,2.38617
1-3-0-2-1-1-4-3-0-0-1-1-4-0-0-2-4-4-27-10-17-0-0-8-2000-1000-11351,1,2.38671
1-3-0-2-1-1-4-3-0-0-1-1-4-0-0-2-4-4-27-10-17-0-0-8-2000-1000-11351,1,2.40122
1-3-0-2-1-1-4-3-0-0-1-1-4-0-0-2-4-4-27-10-17-0-0-8-2000-1000-11367,1,2.354
1-3-0-2-1-1-4-3-0-0-1-1-4-0-0-2-4-4-27-10-17-0-0-8-2000-1000-11367,1,2.3989
1-3-0-2-1-1-4-3-0-0-1-1-4-0-0-2-4-4-27-10-17-0-0-8-2000-1000-11367,1,2.39883
1-3-0-2-1-1-4-3-0-0-1-1-4-0-0-2-4-4-27-10-17-0-0-8-2000-1000-11369,1,2.39969
1-3-0-2-1-1-4-3-0-0-1-1-4-0-0-2-4-4-27-10-17-0-0-8-2000-1000-11369,1,2.41868
1-3-0-2-1-1-4-3-0-0-1-1-4-0-0-2-4-4-27-10-17-0-0-8-2000-1000-11369,1,2.41711
1-3-0-2-1-1-4-3-0-0-1-1-4-0-0-2-4-4-27-10-17-0-0-8-2000-1000-11385,1,2.3943
1-3-0-2-1-1-4-3-0-0-1-1-4-0-0-2-4-4-27-10-17-0-0-8-2000-1000-11385,1,2.40658
1-3-0-2-1-1-4-3-0-0-1-1-4-0-0-2-4-4-27-10-17-0-0-8-2000-1000-11385,1,2.36201
1-3-0-2-1-1-4-3-0-0-1-1-4-0-0-2-4-4-27-10-17-0-0-8-2000-1000-11401,1,2.40267
1-3-0-2-1-1-4-3-0-0-1-1-4-0-0-2-4-4-27-10-17-0-0-8-2000-1000-11401,1,2.36803
1-3-0-2-1-1-4-3-0-0-1-1-4-0-0-2-4-4-27-10-17-0-0-8-2000-1000-11401,1,2.42205
1-3-0-2-1-1-4-3-0-0-1-1-4-0-0-2-4-4-27-10-17-0-0-8-2000-1000-11429,1,2.41646
1-3-0-2-1-1-4-3-0-0-1-1-4-0-0-2-4-4-27-10-17-0-0-8-2000-1000-11429,1,2.44082
1-3-0-2-1-1-4-3-0-0-1-1-4-0-0-2-4-4-27-10-17-0-0-8-2000-1000-11429,1,2.43624
1-3-0-2-1-1-4-3-0-0-1-1-4-0-0-2-4-4-27-10-17-0-0-8-2000-1000-11430,1,2.40717
1-3-0-2-1-1-4-3-0-0-1-1-4-0-0-2-4-4-27-10-17-0-0-8-2000-1000-11430,1,2.37589
1-3-0-2-1-1-4-3-0-0-1-1-4-0-0-2-4-4-27-10-17-0-0-8-2000-1000-11430,1,2.38019
1-3-0-2-1-1-4-3-0-0-1-1-4-0-0-2-4-4-27-10-17-0-0-8-2000-1000-11457,1,2.428
1-3-0-2-1-1-4-3-0-0-1-1-4-0-0-2-4-4-27-10-17-0-0-8-2000-1000-11457,1,2.41442
1-3-0-2-1-1-4-3-0-0-1-1-4-0-0-2-4-4-27-10-17-0-0-8-2000-1000-11457,1,2.4677
1-3-0-2-1-1-4-3-0-0-1-1-4-0-0-2-4-4-27-10-17-0-0-8-2000-1000-11477,1,2.4192
1-3-0-2-1-1-4-3-0-0-1-1-4-0-0-2-4-4-27-10-17-0-0-8-2000-1000-11477,1,2.45714
1-3-0-2-1-1-4-3-0-0-1-1-4-0-0-2-4-4-27-10-17-0-0-8-2000-1000-11477,1,2.45844
1-3-0-2-1-1-4-3-0-0-1-1-4-0-0-2-4-4-27-10-17-0-0-8-2000-1000-11481,1,2.44201
1-3-0-2-1-1-4-3-0-0-1-1-4-0-0-2-4-4-27-10-17-0-0-8-2000-1000-11481,1,2.46435
1-3-0-2-1-1-4-3-0-0-1-1-4-0-0-2-4-4-27-10-17-0-0-8-2000-1000-11481,1,2.46171
1-3-0-2-1-1-4-3-0-0-1-1-4-0-0-2-4-4-27-10-17-0-0-8-2000-1000-11497,1,2.45456
1-3-0-2-1-1-4-3-0-0-1-1-4-0-0-2-4-4-27-10-17-0-0-8-2000-1000-11497,1,2.40886
1-3-0-2-1-1-4-3-0-0-1-1-4-0-0-2-4-4-27-10-17-0-0-8-2000-1000-11497,1,2.44381
1-3-0-2-1-1-4-3-0-0-1-1-4-0-0-2-4-4-27-10-17-0-0-8-2000-1000-11500,1,2.40184
1-3-0-2-1-1-4-3-0-0-1-1-4-0-0-2-4-4-27-10-17-0-0-8-2000-1000-11500,1,2.39788
1-3-0-2-1-1-4-3-0-0-1-1-4-0-0-2-4-4-27-10-17-0-0-8-2000-1000-11500,1,2.37635
1-3-0-2-1-1-4-3-0-0-1-1-4-0-0-2-4-4-27-10-17-0-0-8-2000-1000-11587,1,2.50072
1-3-0-2-1-1-4-3-0-0-1-1-4-0-0-2-4-4-27-10-17-0-0-8-2000-1000-11587,1,2.46429
1-3-0-2-1-1-4-3-0-0-1-1-4-0-0-2-4-4-27-10-17-0-0-8-2000-1000-11587,1,2.48277
1-3-0-2-1-1-4-3-0-0-1-1-4-0-0-2-4-4-27-10-17-0-0-8-2000-1000-11604,1,2.4273
1-3-0-2-1-1-4-3-0-0-1-1-4-0-0-2-4-4-27-10-17-0-0-8-2000-1000-11604,1,2.43544
1-3-0-2-1-1-4-3-0-0-1-1-4-0-0-2-4-4-27-10-17-0-0-8-2000-1000-11604,1,2.41979
1-3-0-2-1-1-4-3-0-0-1-1-4-0-0-2-4-4-27-10-17-0-0-8-2000-1000-11608,1,2.35525
1-3-0-2-1-1-4-3-0-0-1-1-4-0-0-2-4-4-27-10-17-0-0-8-2000-1000-11608,1,2.37738
1-3-0-2-1-1-4-3-0-0-1-1-4-0-0-2-4-4-27-10-17-0-0-8-2000-1000-11608,1,2.37509
1-3-0-2-1-1-4-3-0-0-1-1-4-0-0-2-4-4-27-10-17-0-0-8-2000-1000-11712,1,2.28823
1-3-0-2-1-1-4-3-0-0-1-1-4-0-0-2-4-4-27-10-17-0-0-8-2000-1000-11712,1,2.29564
1-3-0-2-1-1-4-3-0-0-1-1-4-0-0-2-4-4-27-10-17-0-0-8-2000-1000-11712,1,2.29743
1-3-0-2-1-1-4-3-0-0-1-1-4-0-0-2-4-4-27-10-17-0-0-8-2000-1000-11753,1,2.53605
1-3-0-2-1-1-4-3-0-0-1-1-4-0-0-2-4-4-27-10-17-0-0-8-2000-1000-11753,1,2.51532
1-3-0-2-1-1-4-3-0-0-1-1-4-0-0-2-4-4-27-10-17-0-0-8-2000-1000-11753,1,2.49725
1-3-0-2-1-1-4-3-0-0-1-1-4-0-0-2-4-4-27-10-17-0-0-8-2000-1000-11780,1,2.4564
1-3-0-2-1-1-4-3-0-0-1-1-4-0-0-2-4-4-27-10-17-0-0-8-2000-1000-11780,1,2.51063
1-3-0-2-1-1-4-3-0-0-1-1-4-0-0-2-4-4-27-10-17-0-0-8-2000-1000-11780,1,2.4505
1-3-0-2-1-1-4-3-0-0-1-1-4-0-0-2-4-4-27-10-17-0-0-8-2000-1000-11790,1,2.51777
1-3-0-2-1-1-4-3-0-0-1-1-4-0-0-2-4-4-27-10-17-0-0-8-2000-1000-11790,1,2.50189
1-3-0-2-1-1-4-3-0-0-1-1-4-0-0-2-4-4-27-10-17-0-0-8-2000-1000-11790,1,2.54254
1-3-0-2-1-1-4-3-0-0-1-1-4-0-0-2-4-4-27-10-17-0-0-8-2000-1000-11792,1,2.31764
1-3-0-2-1-1-4-3-0-0-1-1-4-0-0-2-4-4-27-10-17-0-0-8-2000-1000-11792,1,2.32729
1-3-0-2-1-1-4-3-0-0-1-1-4-0-0-2-4-4-27-10-17-0-0-8-2000-1000-11792,1,2.34565
1-3-0-2-1-1-4-3-0-0-1-1-4-0-0-2-4-4-27-10-17-0-0-8-2000-1000-11794,1,2.49717
1-3-0-2-1-1-4-3-0-0-1-1-4-0-0-2-4-4-27-10-17-0-0-8-2000-1000-11794,1,2.51906
1-3-0-2-1-1-4-3-0-0-1-1-4-0-0-2-4-4-27-10-17-0-0-8-2000-1000-11794,1,2.52885
1-3-0-2-1-1-4-3-0-0-1-1-4-0-0-2-4-4-27-10-17-0-0-8-2000-1000-11796,1,2.45448
1-3-0-2-1-1-4-3-0-0-1-1-4-0-0-2-4-4-27-10-17-0-0-8-2000-1000-11796,1,2.47278
1-3-0-2-1-1-4-3-0-0-1-1-4-0-0-2-4-4-27-10-17-0-0-8-2000-1000-11796,1,2.4937
1-3-0-2-1-1-4-3-0-0-1-1-4-0-0-2-4-4-27-10-17-0-0-8-2000-1000-11867,1,2.59418
1-3-0-2-1-1-4-3-0-0-1-1-4-0-0-2-4-4-27-10-17-0-0-8-2000-1000-11867,1,2.52575
1-3-0-2-1-1-4-3-0-0-1-1-4-0-0-2-4-4-27-10-17-0-0-8-2000-1000-11867,1,2.56088
1-3-0-2-1-1-4-3-0-0-1-1-4-0-0-2-4-4-27-10-17-0-0-8-2000-1000-11990,1,2.59321
1-3-0-2-1-1-4-3-0-0-1-1-4-0-0-2-4-4-27-10-17-0-0-8-2000-1000-11990,1,2.59658
1-3-0-2-1-1-4-3-0-0-1-1-4-0-0-2-4-4-27-10-17-0-0-8-2000-1000-11990,1,2.60402
1-3-0-2-1-1-4-3-0-0-1-1-4-0-0-2-4-4-27-10-17-0-0-8-2000-1000-11998,1,2.60429
1-3-0-2-1-1-4-3-0-0-1-1-4-0-0-2-4-4-27-10-17-0-0-8-2000-1000-11998,1,2.57502
1-3-0-2-1-1-4-3-0-0-1-1-4-0-0-2-4-4-27-10-17-0-0-8-2000-1000-11998,1,2.58781
1-3-0-2-1-1-4-3-0-0-1-1-4-0-0-2-4-4-27-10-17-0-0-8-2000-1000-12000,1,2.40869
1-3-0-2-1-1-4-3-0-0-1-1-4-0-0-2-4-4-27-10-17-0-0-8-2000-1000-12000,1,2.38675
1-3-0-2-1-1-4-3-0-0-1-1-4-0-0-2-4-4-27-10-17-0-0-8-2000-1000-12000,1,2.39284
1-3-0-2-1-1-4-3-0-0-1-1-4-0-0-2-4-4-27-10-17-0-0-8-2000-1000-12026,1,2.57658
1-3-0-2-1-1-4-3-0-0-1-1-4-0-0-2-4-4-27-10-17-0-0-8-2000-1000-12026,1,2.59912
1-3-0-2-1-1-4-3-0-0-1-1-4-0-0-2-4-4-27-10-17-0-0-8-2000-1000-12026,1,2.60562
1-3-0-2-1-1-4-3-0-0-1-1-4-0-0-2-4-4-27-10-17-0-0-8-2000-1000-12040,1,2.48585
1-3-0-2-1-1-4-3-0-0-1-1-4-0-0-2-4-4-27-10-17-0-0-8-2000-1000-12040,1,2.52796
1-3-0-2-1-1-4-3-0-0-1-1-4-0-0-2-4-4-27-10-17-0-0-8-2000-1000-12040,1,2.47982
1-3-0-2-1-1-4-3-0-0-1-1-4-0-0-2-4-4-27-10-17-0-0-8-2000-1000-12052,1,2.55674
1-3-0-2-1-1-4-3-0-0-1-1-4-0-0-2-4-4-27-10-17-0-0-8-2000-1000-12052,1,2.55337
1-3-0-2-1-1-4-3-0-0-1-1-4-0-0-2-4-4-27-10-17-0-0-8-2000-1000-12052,1,2.57563
1-3-0-2-1-1-4-3-0-0-1-1-4-0-0-2-4-4-27-10-17-0-0-8-2000-1000-12063,1,2.61053
1-3-0-2-1-1-4-3-0-0-1-1-4-0-0-2-4-4-27-10-17-0-0-8-2000-1000-12063,1,2.62506
1-3-0-2-1-1-4-3-0-0-1-1-4-0-0-2-4-4-27-10-17-0-0-8-2000-1000-12063,1,2.66302
1-3-0-2-1-1-4-3-0-0-1-1-4-0-0-2-4-4-27-10-17-0-0-8-2000-1000-12090,1,2.65563
1-3-0-2-1-1-4-3-0-0-1-1-4-0-0-2-4-4-27-10-17-0-0-8-2000-1000-12090,1,2.63522
1-3-0-2-1-1-4-3-0-0-1-1-4-0-0-2-4-4-27-10-17-0-0-8-2000-1000-12090,1,2.61932
1-3-0-2-1-1-4-3-0-0-1-1-4-0-0-2-4-4-27-10-17-0-0-8-2000-1000-12125,1,2.66426
1-3-0-2-1-1-4-3-0-0-1-1-4-0-0-2-4-4-27-10-17-0-0-8-2000-1000-12125,1,2.66029
1-3-0-2-1-1-4-3-0-0-1-1-4-0-0-2-4-4-27-10-17-0-0-8-2000-1000-12125,1,2.64923
1-3-0-2-1-1-4-3-0-0-1-1-4-0-0-2-4-4-27-10-17-0-0-8-2000-1000-12129,1,2.6634
1-3-0-2-1-1-4-3-0-0-1-1-4-0-0-2-4-4-27-10-17-0-0-8-2000-1000-12129,1,2.66691
1-3-0-2-1-1-4-3-0-0-1-1-4-0-0-2-4-4-27-10-17-0-0-8-2000-1000-12129,1,2.66416
1-3-0-2-1-1-4-3-0-0-1-1-4-0-0-2-4-4-27-10-17-0-0-8-2000-1000-12151,1,2.62693
1-3-0-2-1-1-4-3-0-0-1-1-4-0-0-2-4-4-27-10-17-0-0-8-2000-1000-12151,1,2.68566
1-3-0-2-1-1-4-3-0-0-1-1-4-0-0-2-4-4-27-10-17-0-0-8-2000-1000-12151,1,2.63129
1-3-0-2-1-1-4-3-0-0-1-1-4-0-0-2-4-4-27-10-17-0-0-8-2000-1000-12189,1,2.67574
1-3-0-2-1-1-4-3-0-0-1-1-4-0-0-2-4-4-27-10-17-0-0-8-2000-1000-12189,1,2.65919
1-3-0-2-1-1-4-3-0-0-1-1-4-0-0-2-4-4-27-10-17-0-0-8-2000-1000-12189,1,2.64947
1-3-0-2-1-1-4-3-0-0-1-1-4-0-0-2-4-4-27-10-17-0-0-8-2000-1000-12191,1,2.62741
1-3-0-2-1-1-4-3-0-0-1-1-4-0-0-2-4-4-27-10-17-0-0-8-2000-1000-12191,1,2.67852
1-3-0-2-1-1-4-3-0-0-1-1-4-0-0-2-4-4-27-10-17-0-0-8-2000-1000-12191,1,2.63744
1-3-0-2-1-1-4-3-0-0-1-1-4-0-0-2-4-4-27-10-17-0-0-8-2000-1000-12211,1,2.64908
1-3-0-2-1-1-4-3-0-0-1-1-4-0-0-2-4-4-27-10-17-0-0-8-2000-1000-12211,1,2.66607
1-3-0-2-1-1-4-3-0-0-1-1-4-0-0-2-4-4-27-10-17-0-0-8-2000-1000-12211,1,2.65645
1-3-0-2-1-1-4-3-0-0-1-1-4-0-0-2-4-4-27-10-17-0-0-8-2000-1000-12216,1,2.53811
1-3-0-2-1-1-4-3-0-0-1-1-4-0-0-2-4-4-27-10-17-0-0-8-2000-1000-12216,1,2.57452
1-3-0-2-1-1-4-3-0-0-1-1-4-0-0-2-4-4-27-10-17-0-0-8-2000-1000-12216,1,2.55725
1-3-0-2-1-1-4-3-0-0-1-1-4-0-0-2-4-4-27-10-17-0-0-8-2000-1000-12287,1,2.71047
1-3-0-2-1-1-4-3-0-0-1-1-4-0-0-2-4-4-27-10-17-0-0-8-2000-1000-12287,1,2.67234
1-3-0-2-1-1-4-3-0-0-1-1-4-0-0-2-4-4-27-10-17-0-0-8-2000-1000-12287,1,2.73071
1-3-0-2-1-1-4-3-0-0-1-1-4-0-0-2-4-4-27-10-17-0-0-8-2000-1000-12392,1,2.62723
1-3-0-2-1-1-4-3-0-0-1-1-4-0-0-2-4-4-27-10-17-0-0-8-2000-1000-12392,1,2.62464
1-3-0-2-1-1-4-3-0-0-1-1-4-0-0-2-4-4-27-10-17-0-0-8-2000-1000-12392,1,2.64111
1-3-0-2-1-1-4-3-0-0-1-1-4-0-0-2-4-4-27-10-17-0-0-8-2000-1000-12407,1,2.71134
1-3-0-2-1-1-4-3-0-0-1-1-4-0-0-2-4-4-27-10-17-0-0-8-2000-1000-12407,1,2.718
1-3-0-2-1-1-4-3-0-0-1-1-4-0-0-2-4-4-27-10-17-0-0-8-2000-1000-12407,1,2.70947
1-3-0-2-1-1-4-3-0-0-1-1-4-0-0-2-4-4-27-10-17-0-0-8-2000-1000-12413,1,2.75981
1-3-0-2-1-1-4-3-0-0-1-1-4-0-0-2-4-4-27-10-17-0-0-8-2000-1000-12413,1,2.76052
1-3-0-2-1-1-4-3-0-0-1-1-4-0-0-2-4-4-27-10-17-0-0-8-2000-1000-12413,1,2.76082
1-3-0-2-1-1-4-3-0-0-1-1-4-0-0-2-4-4-27-10-17-0-0-8-2000-1000-12485,1,2.75146
1-3-0-2-1-1-4-3-0-0-1-1-4-0-0-2-4-4-27-10-17-0-0-8-2000-1000-12485,1,2.73089
1-3-0-2-1-1-4-3-0-0-1-1-4-0-0-2-4-4-27-10-17-0-0-8-2000-1000-12485,1,2.76148
1-3-0-2-1-1-4-3-0-0-1-1-4-0-0-2-4-4-27-10-17-0-0-8-2000-1000-12500,1,2.69239
1-3-0-2-1-1-4-3-0-0-1-1-4-0-0-2-4-4-27-10-17-0-0-8-2000-1000-12500,1,2.70466
1-3-0-2-1-1-4-3-0-0-1-1-4-0-0-2-4-4-27-10-17-0-0-8-2000-1000-12500,1,2.70268
1-3-0-2-1-1-4-3-0-0-1-1-4-0-0-2-4-4-27-10-17-0-0-8-2000-1000-12540,1,2.74884
1-3-0-2-1-1-4-3-0-0-1-1-4-0-0-2-4-4-27-10-17-0-0-8-2000-1000-12540,1,2.74057
1-3-0-2-1-1-4-3-0-0-1-1-4-0-0-2-4-4-27-10-17-0-0-8-2000-1000-12540,1,2.70098
1-3-0-2-1-1-4-3-0-0-1-1-4-0-0-2-4-4-27-10-17-0-0-8-2000-1000-12543,1,2.7808
1-3-0-2-1-1-4-3-0-0-1-1-4-0-0-2-4-4-27-10-17-0-0-8-2000-1000-12543,1,2.79405
1-3-0-2-1-1-4-3-0-0-1-1-4-0-0-2-4-4-27-10-17-0-0-8-2000-1000-12543,1,2.78716
1-3-0-2-1-1-4-3-0-0-1-1-4-0-0-2-4-4-27-10-17-0-0-8-2000-1000-12545,1,2.81535
1-3-0-2-1-1-4-3-0-0-1-1-4-0-0-2-4-4-27-10-17-0-0-8-2000-1000-12545,1,2.78673
1-3-0-2-1-1-4-3-0-0-1-1-4-0-0-2-4-4-27-10-17-0-0-8-2000-1000-12545,1,2.77701
1-3-0-2-1-1-4-3-0-0-1-1-4-0-0-2-4-4-27-10-17-0-0-8-2000-1000-12642,1,2.77924
1-3-0-2-1-1-4-3-0-0-1-1-4-0-0-2-4-4-27-10-17-0-0-8-2000-1000-12642,1,2.8172
1-3-0-2-1-1-4-3-0-0-1-1-4-0-0-2-4-4-27-10-17-0-0-8-2000-1000-12642,1,2.79892
