[1]-Total no of Return statement,[2]-Total no of Control Statement,[3]-Total no of Allocation instruction,[4]-Total no of Load Instructions,[5]-Total no of Store Instructions,[6]-Total no of Multiplication (Float Datatype) Operation,[7]-Total no of Addition(Integer Datatype) Instruction,[8]-Total no of Multiplication(Integer Datatype) Instruction,[9]-Total no of Division(Float Datatype) instruction,[10]-Total no of Division(Integer Datatype) instruction,[11]-Total no of Condition Check instruction,[12]-Total no of Addition(Float Datatype) instruction,[13]-Total no of Addition(Integer Datatype) instruction,[14]-Total no of Subtraction(Float Datatype) instruction,[15]-Total no of Subtraction(Integer Datatype) instruction,[16]-Total no of Function Call instruction,[17]-Total no of Functions,[18]-Total no of Blocks,[19]-Total no of Instructions,[20]-Total no of Float Operation,[21]-Total no of Integer Operation,[22]-Total no of Loop Operation,[23]-Total no of Loop,[24]-Ram,[25]-CPU Rank,[26]-GPU Rank,[27]-Matrix Size,[28]-Speed up
1, 0, 0, 2, 1, 0, 1, 1, 0, 0, 0, 1, 1, 0, 0, 2, 4, 1, 13, 8, 13, 0, 0, 8, 2000, 1000, 10000, 0.048505666666666655
1, 0, 0, 2, 1, 0, 1, 1, 0, 0, 0, 1, 1, 0, 0, 2, 4, 1, 13, 8, 13, 0, 0, 8, 2000, 1000, 10500, 0.05313866666666667
1, 0, 0, 2, 1, 0, 1, 1, 0, 0, 0, 1, 1, 0, 0, 2, 4, 1, 13, 8, 13, 0, 0, 8, 2000, 1000, 11000, 0.06398899999999999
1, 0, 0, 2, 1, 0, 1, 1, 0, 0, 0, 1, 1, 0, 0, 2, 4, 1, 13, 8, 13, 0, 0, 8, 2000, 1000, 11500, 0.071464
1, 0, 0, 2, 1, 0, 1, 1, 0, 0, 0, 1, 1, 0, 0, 2, 4, 1, 13, 8, 13, 0, 0, 8, 2000, 1000, 12000, 0.07294766666666669
1, 0, 0, 2, 1, 0, 1, 1, 0, 0, 0, 1, 1, 0, 0, 2, 4, 1, 13, 8, 13, 0, 0, 8, 2000, 1000, 12500, 0.08937900000000001
1, 0, 0, 2, 1, 0, 1, 1, 0, 0, 0, 1, 1, 0, 0, 2, 4, 1, 13, 8, 13, 0, 0, 8, 2000, 1000, 13000, 0.090474
1, 0, 0, 2, 1, 0, 1, 1, 0, 0, 0, 1, 1, 0, 0, 2, 4, 1, 13, 8, 13, 0, 0, 8, 2000, 1000, 13500, 0.09434366666666669
1, 0, 0, 2, 1, 0, 1, 1, 0, 0, 0, 1, 1, 0, 0, 2, 4, 1, 13, 8, 13, 0, 0, 8, 2000, 1000, 14000, 0.10676000000000002
1, 0, 0, 2, 1, 0, 1, 1, 0, 0, 0, 1, 1, 0, 0, 2, 4, 1, 13, 8, 13, 0, 0, 8, 2000, 1000, 14500, 0.11005399999999996
1, 0, 0, 2, 1, 0, 1, 1, 0, 0, 0, 1, 1, 0, 0, 2, 4, 1, 13, 8, 13, 0, 0, 8, 2000, 1000, 15000, 0.12999433333333332
1, 0, 0, 2, 1, 0, 1, 1, 0, 0, 0, 1, 1, 0, 0, 2, 4, 1, 13, 8, 13, 0, 0, 8, 2000, 1000, 15500, 0.13652666666666669
1, 0, 0, 2, 1, 0, 1, 1, 0, 0, 0, 1, 1, 0, 0, 2, 4, 1, 13, 8, 13, 0, 0, 8, 2000, 1000, 16000, 0.143768
1, 0, 0, 2, 1, 0, 1, 1, 0, 0, 0, 1, 1, 0, 0, 2, 4, 1, 13, 8, 13, 0, 0, 8, 2000, 1000, 16500, 0.15140433333333336
1, 0, 0, 2, 1, 0, 1, 1, 0, 0, 0, 1, 1, 0, 0, 2, 4, 1, 13, 8, 13, 0, 0, 8, 2000, 1000, 17000, 0.1624066666666667
1, 0, 0, 2, 1, 0, 1, 1, 0, 0, 0, 1, 1, 0, 0, 2, 4, 1, 13, 8, 13, 0, 0, 8, 2000, 1000, 17500, 0.17200433333333326
1, 0, 0, 2, 1, 0, 1, 1, 0, 0, 0, 0, 1, 1, 0, 2, 4, 1, 13, 8, 13, 0, 0, 8, 2000, 1000, 10000, 0.045260666666666685
1, 0, 0, 2, 1, 0, 1, 1, 0, 0, 0, 0, 1, 1, 0, 2, 4, 1, 13, 8, 13, 0, 0, 8, 2000, 1000, 10500, 0.05404800000000001
1, 0, 0, 2, 1, 0, 1, 1, 0, 0, 0, 0, 1, 1, 0, 2, 4, 1, 13, 8, 13, 0, 0, 8, 2000, 1000, 11000, 0.05635066666666666
1, 0, 0, 2, 1, 0, 1, 1, 0, 0, 0, 0, 1, 1, 0, 2, 4, 1, 13, 8, 13, 0, 0, 8, 2000, 1000, 11500, 0.06497533333333333
1, 0, 0, 2, 1, 0, 1, 1, 0, 0, 0, 0, 1, 1, 0, 2, 4, 1, 13, 8, 13, 0, 0, 8, 2000, 1000, 12000, 0.07556966666666665
1, 0, 0, 2, 1, 0, 1, 1, 0, 0, 0, 0, 1, 1, 0, 2, 4, 1, 13, 8, 13, 0, 0, 8, 2000, 1000, 12500, 0.08374933333333337
1, 0, 0, 2, 1, 0, 1, 1, 0, 0, 0, 0, 1, 1, 0, 2, 4, 1, 13, 8, 13, 0, 0, 8, 2000, 1000, 13000, 0.08547566666666667
1, 0, 0, 2, 1, 0, 1, 1, 0, 0, 0, 0, 1, 1, 0, 2, 4, 1, 13, 8, 13, 0, 0, 8, 2000, 1000, 13500, 0.10016066666666665
1, 0, 0, 2, 1, 0, 1, 1, 0, 0, 0, 0, 1, 1, 0, 2, 4, 1, 13, 8, 13, 0, 0, 8, 2000, 1000, 14000, 0.11252499999999996
1, 0, 0, 2, 1, 0, 1, 1, 0, 0, 0, 0, 1, 1, 0, 2, 4, 1, 13, 8, 13, 0, 0, 8, 2000, 1000, 14500, 0.12057699999999999
1, 0, 0, 2, 1, 0, 1, 1, 0, 0, 0, 0, 1, 1, 0, 2, 4, 1, 13, 8, 13, 0, 0, 8, 2000, 1000, 15000, 0.1288276666666667
1, 0, 0, 2, 1, 0, 1, 1, 0, 0, 0, 0, 1, 1, 0, 2, 4, 1, 13, 8, 13, 0, 0, 8, 2000, 1000, 15500, 0.13147466666666663
1, 0, 0, 2, 1, 0, 1, 1, 0, 0, 0, 0, 1, 1, 0, 2, 4, 1, 13, 8, 13, 0, 0, 8, 2000, 1000, 16000, 0.14331166666666662
1, 0, 0, 2, 1, 0, 1, 1, 0, 0, 0, 0, 1, 1, 0, 2, 4, 1, 13, 8, 13, 0, 0, 8, 2000, 1000, 16500, 0.15515966666666675
1, 0, 0, 2, 1, 0, 1, 1, 0, 0, 0, 0, 1, 1, 0, 2, 4, 1, 13, 8, 13, 0, 0, 8, 2000, 1000, 17000, 0.16095399999999993
1, 0, 0, 2, 1, 0, 1, 1, 0, 0, 0, 0, 1, 1, 0, 2, 4, 1, 13, 8, 13, 0, 0, 8, 2000, 1000, 17500, 0.17044700000000007
1, 0, 0, 1, 1, 0, 2, 2, 0, 0, 0, 0, 2, 0, 0, 2, 4, 1, 15, 6, 16, 0, 0, 8, 2000, 1000, 10000, 0.06494133333333335
1, 0, 0, 1, 1, 0, 2, 2, 0, 0, 0, 0, 2, 0, 0, 2, 4, 1, 15, 6, 16, 0, 0, 8, 2000, 1000, 10500, 0.05741866666666667
1, 0, 0, 1, 1, 0, 2, 2, 0, 0, 0, 0, 2, 0, 0, 2, 4, 1, 15, 6, 16, 0, 0, 8, 2000, 1000, 11000, 0.06536299999999998
1, 0, 0, 1, 1, 0, 2, 2, 0, 0, 0, 0, 2, 0, 0, 2, 4, 1, 15, 6, 16, 0, 0, 8, 2000, 1000, 11500, 0.07060233333333332
1, 0, 0, 1, 1, 0, 2, 2, 0, 0, 0, 0, 2, 0, 0, 2, 4, 1, 15, 6, 16, 0, 0, 8, 2000, 1000, 12000, 0.07721700000000001
1, 0, 0, 1, 1, 0, 2, 2, 0, 0, 0, 0, 2, 0, 0, 2, 4, 1, 15, 6, 16, 0, 0, 8, 2000, 1000, 12500, 0.08830133333333332
1, 0, 0, 1, 1, 0, 2, 2, 0, 0, 0, 0, 2, 0, 0, 2, 4, 1, 15, 6, 16, 0, 0, 8, 2000, 1000, 13000, 0.09837266666666666
1, 0, 0, 1, 1, 0, 2, 2, 0, 0, 0, 0, 2, 0, 0, 2, 4, 1, 15, 6, 16, 0, 0, 8, 2000, 1000, 13500, 0.10805733333333331
1, 0, 0, 1, 1, 0, 2, 2, 0, 0, 0, 0, 2, 0, 0, 2, 4, 1, 15, 6, 16, 0, 0, 8, 2000, 1000, 14000, 0.11666333333333331
1, 0, 0, 1, 1, 0, 2, 2, 0, 0, 0, 0, 2, 0, 0, 2, 4, 1, 15, 6, 16, 0, 0, 8, 2000, 1000, 14500, 0.11803399999999997
1, 0, 0, 1, 1, 0, 2, 2, 0, 0, 0, 0, 2, 0, 0, 2, 4, 1, 15, 6, 16, 0, 0, 8, 2000, 1000, 15000, 0.13397066666666663
1, 0, 0, 1, 1, 0, 2, 2, 0, 0, 0, 0, 2, 0, 0, 2, 4, 1, 15, 6, 16, 0, 0, 8, 2000, 1000, 15500, 0.1373846666666666
1, 0, 0, 1, 1, 0, 2, 2, 0, 0, 0, 0, 2, 0, 0, 2, 4, 1, 15, 6, 16, 0, 0, 8, 2000, 1000, 16000, 0.15264166666666662
1, 0, 0, 1, 1, 0, 2, 2, 0, 0, 0, 0, 2, 0, 0, 2, 4, 1, 15, 6, 16, 0, 0, 8, 2000, 1000, 16500, 0.15475733333333336
1, 0, 0, 1, 1, 0, 2, 2, 0, 0, 0, 0, 2, 0, 0, 2, 4, 1, 15, 6, 16, 0, 0, 8, 2000, 1000, 17000, 0.16192833333333334
1, 0, 0, 1, 1, 0, 2, 2, 0, 0, 0, 0, 2, 0, 0, 2, 4, 1, 15, 6, 16, 0, 0, 8, 2000, 1000, 17500, 0.17722833333333332
1, 3, 0, 2, 1, 1, 4, 3, 0, 0, 1, 1, 4, 0, 0, 2, 4, 4, 27, 10, 17, 0, 0, 8, 2000, 1000, 10000, 49.54130333333334
1, 3, 0, 2, 1, 1, 4, 3, 0, 0, 1, 1, 4, 0, 0, 2, 4, 4, 27, 10, 17, 0, 0, 8, 2000, 1000, 10026, 94.85627000000001
1, 3, 0, 2, 1, 1, 4, 3, 0, 0, 1, 1, 4, 0, 0, 2, 4, 4, 27, 10, 17, 0, 0, 8, 2000, 1000, 10141, 103.09747666666668
1, 3, 0, 2, 1, 1, 4, 3, 0, 0, 1, 1, 4, 0, 0, 2, 4, 4, 27, 10, 17, 0, 0, 8, 2000, 1000, 10198, 94.55110666666667
1, 3, 0, 2, 1, 1, 4, 3, 0, 0, 1, 1, 4, 0, 0, 2, 4, 4, 27, 10, 17, 0, 0, 8, 2000, 1000, 10230, 85.94564333333334
1, 3, 0, 2, 1, 1, 4, 3, 0, 0, 1, 1, 4, 0, 0, 2, 4, 4, 27, 10, 17, 0, 0, 8, 2000, 1000, 10238, 95.09624666666666
1, 3, 0, 2, 1, 1, 4, 3, 0, 0, 1, 1, 4, 0, 0, 2, 4, 4, 27, 10, 17, 0, 0, 8, 2000, 1000, 10275, 108.26160333333333
1, 3, 0, 2, 1, 1, 4, 3, 0, 0, 1, 1, 4, 0, 0, 2, 4, 4, 27, 10, 17, 0, 0, 8, 2000, 1000, 10311, 101.65499333333334
1, 3, 0, 2, 1, 1, 4, 3, 0, 0, 1, 1, 4, 0, 0, 2, 4, 4, 27, 10, 17, 0, 0, 8, 2000, 1000, 10316, 86.72628666666665
1, 3, 0, 2, 1, 1, 4, 3, 0, 0, 1, 1, 4, 0, 0, 2, 4, 4, 27, 10, 17, 0, 0, 8, 2000, 1000, 10332, 83.03696
1, 3, 0, 2, 1, 1, 4, 3, 0, 0, 1, 1, 4, 0, 0, 2, 4, 4, 27, 10, 17, 0, 0, 8, 2000, 1000, 10335, 102.58738
1, 3, 0, 2, 1, 1, 4, 3, 0, 0, 1, 1, 4, 0, 0, 2, 4, 4, 27, 10, 17, 0, 0, 8, 2000, 1000, 10337, 109.12169999999999
1, 3, 0, 2, 1, 1, 4, 3, 0, 0, 1, 1, 4, 0, 0, 2, 4, 4, 27, 10, 17, 0, 0, 8, 2000, 1000, 10349, 106.02494000000002
1, 3, 0, 2, 1, 1, 4, 3, 0, 0, 1, 1, 4, 0, 0, 2, 4, 4, 27, 10, 17, 0, 0, 8, 2000, 1000, 10350, 101.87656000000001
1, 3, 0, 2, 1, 1, 4, 3, 0, 0, 1, 1, 4, 0, 0, 2, 4, 4, 27, 10, 17, 0, 0, 8, 2000, 1000, 10353, 108.29566333333334
1, 3, 0, 2, 1, 1, 4, 3, 0, 0, 1, 1, 4, 0, 0, 2, 4, 4, 27, 10, 17, 0, 0, 8, 2000, 1000, 10380, 85.14235666666667
1, 3, 0, 2, 1, 1, 4, 3, 0, 0, 1, 1, 4, 0, 0, 2, 4, 4, 27, 10, 17, 0, 0, 8, 2000, 1000, 10387, 108.11726666666667
1, 3, 0, 2, 1, 1, 4, 3, 0, 0, 1, 1, 4, 0, 0, 2, 4, 4, 27, 10, 17, 0, 0, 8, 2000, 1000, 10407, 106.98655000000001
1, 3, 0, 2, 1, 1, 4, 3, 0, 0, 1, 1, 4, 0, 0, 2, 4, 4, 27, 10, 17, 0, 0, 8, 2000, 1000, 10426, 123.60236333333333
1, 3, 0, 2, 1, 1, 4, 3, 0, 0, 1, 1, 4, 0, 0, 2, 4, 4, 27, 10, 17, 0, 0, 8, 2000, 1000, 10451, 108.22274
1, 3, 0, 2, 1, 1, 4, 3, 0, 0, 1, 1, 4, 0, 0, 2, 4, 4, 27, 10, 17, 0, 0, 8, 2000, 1000, 10476, 89.15878333333335
1, 3, 0, 2, 1, 1, 4, 3, 0, 0, 1, 1, 4, 0, 0, 2, 4, 4, 27, 10, 17, 0, 0, 8, 2000, 1000, 10481, 114.97761333333334
1, 3, 0, 2, 1, 1, 4, 3, 0, 0, 1, 1, 4, 0, 0, 2, 4, 4, 27, 10, 17, 0, 0, 8, 2000, 1000, 10488, 69.8977
1, 3, 0, 2, 1, 1, 4, 3, 0, 0, 1, 1, 4, 0, 0, 2, 4, 4, 27, 10, 17, 0, 0, 8, 2000, 1000, 10500, 85.32010000000001
1, 3, 0, 2, 1, 1, 4, 3, 0, 0, 1, 1, 4, 0, 0, 2, 4, 4, 27, 10, 17, 0, 0, 8, 2000, 1000, 10522, 103.79024
1, 3, 0, 2, 1, 1, 4, 3, 0, 0, 1, 1, 4, 0, 0, 2, 4, 4, 27, 10, 17, 0, 0, 8, 2000, 1000, 10555, 112.64325000000001
1, 3, 0, 2, 1, 1, 4, 3, 0, 0, 1, 1, 4, 0, 0, 2, 4, 4, 27, 10, 17, 0, 0, 8, 2000, 1000, 10579, 113.04955666666667
1, 3, 0, 2, 1, 1, 4, 3, 0, 0, 1, 1, 4, 0, 0, 2, 4, 4, 27, 10, 17, 0, 0, 8, 2000, 1000, 10591, 103.89045666666667
1, 3, 0, 2, 1, 1, 4, 3, 0, 0, 1, 1, 4, 0, 0, 2, 4, 4, 27, 10, 17, 0, 0, 8, 2000, 1000, 10606, 104.95307333333332
1, 3, 0, 2, 1, 1, 4, 3, 0, 0, 1, 1, 4, 0, 0, 2, 4, 4, 27, 10, 17, 0, 0, 8, 2000, 1000, 10614, 101.36653
1, 3, 0, 2, 1, 1, 4, 3, 0, 0, 1, 1, 4, 0, 0, 2, 4, 4, 27, 10, 17, 0, 0, 8, 2000, 1000, 10621, 107.50850666666669
1, 3, 0, 2, 1, 1, 4, 3, 0, 0, 1, 1, 4, 0, 0, 2, 4, 4, 27, 10, 17, 0, 0, 8, 2000, 1000, 10622, 93.5009
1, 3, 0, 2, 1, 1, 4, 3, 0, 0, 1, 1, 4, 0, 0, 2, 4, 4, 27, 10, 17, 0, 0, 8, 2000, 1000, 10724, 93.4882
1, 3, 0, 2, 1, 1, 4, 3, 0, 0, 1, 1, 4, 0, 0, 2, 4, 4, 27, 10, 17, 0, 0, 8, 2000, 1000, 10728, 67.68960666666668
1, 3, 0, 2, 1, 1, 4, 3, 0, 0, 1, 1, 4, 0, 0, 2, 4, 4, 27, 10, 17, 0, 0, 8, 2000, 1000, 10733, 114.81891666666667
1, 3, 0, 2, 1, 1, 4, 3, 0, 0, 1, 1, 4, 0, 0, 2, 4, 4, 27, 10, 17, 0, 0, 8, 2000, 1000, 10808, 72.48796333333334
1, 3, 0, 2, 1, 1, 4, 3, 0, 0, 1, 1, 4, 0, 0, 2, 4, 4, 27, 10, 17, 0, 0, 8, 2000, 1000, 10833, 118.09527333333332
1, 3, 0, 2, 1, 1, 4, 3, 0, 0, 1, 1, 4, 0, 0, 2, 4, 4, 27, 10, 17, 0, 0, 8, 2000, 1000, 10892, 88.71289666666667
1, 3, 0, 2, 1, 1, 4, 3, 0, 0, 1, 1, 4, 0, 0, 2, 4, 4, 27, 10, 17, 0, 0, 8, 2000, 1000, 10894, 107.49973666666668
1, 3, 0, 2, 1, 1, 4, 3, 0, 0, 1, 1, 4, 0, 0, 2, 4, 4, 27, 10, 17, 0, 0, 8, 2000, 1000, 10917, 126.80858333333333
1, 3, 0, 2, 1, 1, 4, 3, 0, 0, 1, 1, 4, 0, 0, 2, 4, 4, 27, 10, 17, 0, 0, 8, 2000, 1000, 10923, 146.98532666666665
1, 3, 0, 2, 1, 1, 4, 3, 0, 0, 1, 1, 4, 0, 0, 2, 4, 4, 27, 10, 17, 0, 0, 8, 2000, 1000, 10941, 113.12688
1, 3, 0, 2, 1, 1, 4, 3, 0, 0, 1, 1, 4, 0, 0, 2, 4, 4, 27, 10, 17, 0, 0, 8, 2000, 1000, 10959, 123.51030333333334
1, 3, 0, 2, 1, 1, 4, 3, 0, 0, 1, 1, 4, 0, 0, 2, 4, 4, 27, 10, 17, 0, 0, 8, 2000, 1000, 10977, 126.20556333333334
1, 3, 0, 2, 1, 1, 4, 3, 0, 0, 1, 1, 4, 0, 0, 2, 4, 4, 27, 10, 17, 0, 0, 8, 2000, 1000, 10984, 74.93615
1, 3, 0, 2, 1, 1, 4, 3, 0, 0, 1, 1, 4, 0, 0, 2, 4, 4, 27, 10, 17, 0, 0, 8, 2000, 1000, 11000, 75.16998
1, 3, 0, 2, 1, 1, 4, 3, 0, 0, 1, 1, 4, 0, 0, 2, 4, 4, 27, 10, 17, 0, 0, 8, 2000, 1000, 11001, 115.42064333333336
1, 3, 0, 2, 1, 1, 4, 3, 0, 0, 1, 1, 4, 0, 0, 2, 4, 4, 27, 10, 17, 0, 0, 8, 2000, 1000, 11002, 107.49352333333333
1, 3, 0, 2, 1, 1, 4, 3, 0, 0, 1, 1, 4, 0, 0, 2, 4, 4, 27, 10, 17, 0, 0, 8, 2000, 1000, 11012, 99.76105666666666
1, 3, 0, 2, 1, 1, 4, 3, 0, 0, 1, 1, 4, 0, 0, 2, 4, 4, 27, 10, 17, 0, 0, 8, 2000, 1000, 11017, 120.92650666666668
1, 3, 0, 2, 1, 1, 4, 3, 0, 0, 1, 1, 4, 0, 0, 2, 4, 4, 27, 10, 17, 0, 0, 8, 2000, 1000, 11056, 67.07764999999999
1, 3, 0, 2, 1, 1, 4, 3, 0, 0, 1, 1, 4, 0, 0, 2, 4, 4, 27, 10, 17, 0, 0, 8, 2000, 1000, 11059, 122.67089
1, 3, 0, 2, 1, 1, 4, 3, 0, 0, 1, 1, 4, 0, 0, 2, 4, 4, 27, 10, 17, 0, 0, 8, 2000, 1000, 11081, 124.00980666666666
1, 3, 0, 2, 1, 1, 4, 3, 0, 0, 1, 1, 4, 0, 0, 2, 4, 4, 27, 10, 17, 0, 0, 8, 2000, 1000, 11087, 121.16761
1, 3, 0, 2, 1, 1, 4, 3, 0, 0, 1, 1, 4, 0, 0, 2, 4, 4, 27, 10, 17, 0, 0, 8, 2000, 1000, 11119, 126.37892999999998
1, 3, 0, 2, 1, 1, 4, 3, 0, 0, 1, 1, 4, 0, 0, 2, 4, 4, 27, 10, 17, 0, 0, 8, 2000, 1000, 11135, 123.62872999999999
1, 3, 0, 2, 1, 1, 4, 3, 0, 0, 1, 1, 4, 0, 0, 2, 4, 4, 27, 10, 17, 0, 0, 8, 2000, 1000, 11144, 78.42684333333334
1, 3, 0, 2, 1, 1, 4, 3, 0, 0, 1, 1, 4, 0, 0, 2, 4, 4, 27, 10, 17, 0, 0, 8, 2000, 1000, 11161, 126.98879000000001
1, 3, 0, 2, 1, 1, 4, 3, 0, 0, 1, 1, 4, 0, 0, 2, 4, 4, 27, 10, 17, 0, 0, 8, 2000, 1000, 11175, 126.28445333333335
1, 3, 0, 2, 1, 1, 4, 3, 0, 0, 1, 1, 4, 0, 0, 2, 4, 4, 27, 10, 17, 0, 0, 8, 2000, 1000, 11190, 116.14679000000001
1, 3, 0, 2, 1, 1, 4, 3, 0, 0, 1, 1, 4, 0, 0, 2, 4, 4, 27, 10, 17, 0, 0, 8, 2000, 1000, 11200, 82.43645
1, 3, 0, 2, 1, 1, 4, 3, 0, 0, 1, 1, 4, 0, 0, 2, 4, 4, 27, 10, 17, 0, 0, 8, 2000, 1000, 11250, 112.84633333333333
1, 3, 0, 2, 1, 1, 4, 3, 0, 0, 1, 1, 4, 0, 0, 2, 4, 4, 27, 10, 17, 0, 0, 8, 2000, 1000, 11289, 120.90766333333336
1, 3, 0, 2, 1, 1, 4, 3, 0, 0, 1, 1, 4, 0, 0, 2, 4, 4, 27, 10, 17, 0, 0, 8, 2000, 1000, 11351, 134.51963333333333
1, 3, 0, 2, 1, 1, 4, 3, 0, 0, 1, 1, 4, 0, 0, 2, 4, 4, 27, 10, 17, 0, 0, 8, 2000, 1000, 11367, 128.97409
1, 3, 0, 2, 1, 1, 4, 3, 0, 0, 1, 1, 4, 0, 0, 2, 4, 4, 27, 10, 17, 0, 0, 8, 2000, 1000, 11369, 131.20350666666667
1, 3, 0, 2, 1, 1, 4, 3, 0, 0, 1, 1, 4, 0, 0, 2, 4, 4, 27, 10, 17, 0, 0, 8, 2000, 1000, 11385, 127.39303666666666
1, 3, 0, 2, 1, 1, 4, 3, 0, 0, 1, 1, 4, 0, 0, 2, 4, 4, 27, 10, 17, 0, 0, 8, 2000, 1000, 11401, 128.82441666666668
1, 3, 0, 2, 1, 1, 4, 3, 0, 0, 1, 1, 4, 0, 0, 2, 4, 4, 27, 10, 17, 0, 0, 8, 2000, 1000, 11429, 132.40149333333332
1, 3, 0, 2, 1, 1, 4, 3, 0, 0, 1, 1, 4, 0, 0, 2, 4, 4, 27, 10, 17, 0, 0, 8, 2000, 1000, 11430, 124.20058333333333
1, 3, 0, 2, 1, 1, 4, 3, 0, 0, 1, 1, 4, 0, 0, 2, 4, 4, 27, 10, 17, 0, 0, 8, 2000, 1000, 11457, 131.27362666666664
1, 3, 0, 2, 1, 1, 4, 3, 0, 0, 1, 1, 4, 0, 0, 2, 4, 4, 27, 10, 17, 0, 0, 8, 2000, 1000, 11477, 131.25907333333333
1, 3, 0, 2, 1, 1, 4, 3, 0, 0, 1, 1, 4, 0, 0, 2, 4, 4, 27, 10, 17, 0, 0, 8, 2000, 1000, 11481, 133.4919766666667
1, 3, 0, 2, 1, 1, 4, 3, 0, 0, 1, 1, 4, 0, 0, 2, 4, 4, 27, 10, 17, 0, 0, 8, 2000, 1000, 11497, 116.28992333333333
1, 3, 0, 2, 1, 1, 4, 3, 0, 0, 1, 1, 4, 0, 0, 2, 4, 4, 27, 10, 17, 0, 0, 8, 2000, 1000, 11500, 102.37064333333335
1, 3, 0, 2, 1, 1, 4, 3, 0, 0, 1, 1, 4, 0, 0, 2, 4, 4, 27, 10, 17, 0, 0, 8, 2000, 1000, 11587, 130.98940666666667
1, 3, 0, 2, 1, 1, 4, 3, 0, 0, 1, 1, 4, 0, 0, 2, 4, 4, 27, 10, 17, 0, 0, 8, 2000, 1000, 11604, 106.85149
1, 3, 0, 2, 1, 1, 4, 3, 0, 0, 1, 1, 4, 0, 0, 2, 4, 4, 27, 10, 17, 0, 0, 8, 2000, 1000, 11608, 83.11502666666665
1, 3, 0, 2, 1, 1, 4, 3, 0, 0, 1, 1, 4, 0, 0, 2, 4, 4, 27, 10, 17, 0, 0, 8, 2000, 1000, 11712, 91.71576666666665
1, 3, 0, 2, 1, 1, 4, 3, 0, 0, 1, 1, 4, 0, 0, 2, 4, 4, 27, 10, 17, 0, 0, 8, 2000, 1000, 11753, 133.76946
1, 3, 0, 2, 1, 1, 4, 3, 0, 0, 1, 1, 4, 0, 0, 2, 4, 4, 27, 10, 17, 0, 0, 8, 2000, 1000, 11780, 106.47182333333332
1, 3, 0, 2, 1, 1, 4, 3, 0, 0, 1, 1, 4, 0, 0, 2, 4, 4, 27, 10, 17, 0, 0, 8, 2000, 1000, 11790, 130.79526666666666
1, 3, 0, 2, 1, 1, 4, 3, 0, 0, 1, 1, 4, 0, 0, 2, 4, 4, 27, 10, 17, 0, 0, 8, 2000, 1000, 11792, 78.73814
1, 3, 0, 2, 1, 1, 4, 3, 0, 0, 1, 1, 4, 0, 0, 2, 4, 4, 27, 10, 17, 0, 0, 8, 2000, 1000, 11794, 129.51464
1, 3, 0, 2, 1, 1, 4, 3, 0, 0, 1, 1, 4, 0, 0, 2, 4, 4, 27, 10, 17, 0, 0, 8, 2000, 1000, 11796, 120.79568
1, 3, 0, 2, 1, 1, 4, 3, 0, 0, 1, 1, 4, 0, 0, 2, 4, 4, 27, 10, 17, 0, 0, 8, 2000, 1000, 11867, 134.37339666666665
1, 3, 0, 2, 1, 1, 4, 3, 0, 0, 1, 1, 4, 0, 0, 2, 4, 4, 27, 10, 17, 0, 0, 8, 2000, 1000, 11990, 134.39306333333332
1, 3, 0, 2, 1, 1, 4, 3, 0, 0, 1, 1, 4, 0, 0, 2, 4, 4, 27, 10, 17, 0, 0, 8, 2000, 1000, 11998, 135.31262666666666
1, 3, 0, 2, 1, 1, 4, 3, 0, 0, 1, 1, 4, 0, 0, 2, 4, 4, 27, 10, 17, 0, 0, 8, 2000, 1000, 12000, 87.29680666666667
1, 3, 0, 2, 1, 1, 4, 3, 0, 0, 1, 1, 4, 0, 0, 2, 4, 4, 27, 10, 17, 0, 0, 8, 2000, 1000, 12026, 130.27022666666667
1, 3, 0, 2, 1, 1, 4, 3, 0, 0, 1, 1, 4, 0, 0, 2, 4, 4, 27, 10, 17, 0, 0, 8, 2000, 1000, 12040, 88.94282333333332
1, 3, 0, 2, 1, 1, 4, 3, 0, 0, 1, 1, 4, 0, 0, 2, 4, 4, 27, 10, 17, 0, 0, 8, 2000, 1000, 12052, 121.84541999999999
1, 3, 0, 2, 1, 1, 4, 3, 0, 0, 1, 1, 4, 0, 0, 2, 4, 4, 27, 10, 17, 0, 0, 8, 2000, 1000, 12063, 149.61813
1, 3, 0, 2, 1, 1, 4, 3, 0, 0, 1, 1, 4, 0, 0, 2, 4, 4, 27, 10, 17, 0, 0, 8, 2000, 1000, 12090, 137.31227666666666
1, 3, 0, 2, 1, 1, 4, 3, 0, 0, 1, 1, 4, 0, 0, 2, 4, 4, 27, 10, 17, 0, 0, 8, 2000, 1000, 12125, 149.42540666666667
1, 3, 0, 2, 1, 1, 4, 3, 0, 0, 1, 1, 4, 0, 0, 2, 4, 4, 27, 10, 17, 0, 0, 8, 2000, 1000, 12129, 142.3528433333333
1, 3, 0, 2, 1, 1, 4, 3, 0, 0, 1, 1, 4, 0, 0, 2, 4, 4, 27, 10, 17, 0, 0, 8, 2000, 1000, 12151, 113.60407333333333
1, 3, 0, 2, 1, 1, 4, 3, 0, 0, 1, 1, 4, 0, 0, 2, 4, 4, 27, 10, 17, 0, 0, 8, 2000, 1000, 12189, 129.02253333333334
1, 3, 0, 2, 1, 1, 4, 3, 0, 0, 1, 1, 4, 0, 0, 2, 4, 4, 27, 10, 17, 0, 0, 8, 2000, 1000, 12191, 120.68587666666666
1, 3, 0, 2, 1, 1, 4, 3, 0, 0, 1, 1, 4, 0, 0, 2, 4, 4, 27, 10, 17, 0, 0, 8, 2000, 1000, 12211, 118.15646666666666
1, 3, 0, 2, 1, 1, 4, 3, 0, 0, 1, 1, 4, 0, 0, 2, 4, 4, 27, 10, 17, 0, 0, 8, 2000, 1000, 12216, 92.29854
1, 3, 0, 2, 1, 1, 4, 3, 0, 0, 1, 1, 4, 0, 0, 2, 4, 4, 27, 10, 17, 0, 0, 8, 2000, 1000, 12287, 167.59149333333332
1, 3, 0, 2, 1, 1, 4, 3, 0, 0, 1, 1, 4, 0, 0, 2, 4, 4, 27, 10, 17, 0, 0, 8, 2000, 1000, 12392, 96.14357333333334
1, 3, 0, 2, 1, 1, 4, 3, 0, 0, 1, 1, 4, 0, 0, 2, 4, 4, 27, 10, 17, 0, 0, 8, 2000, 1000, 12407, 157.13573
1, 3, 0, 2, 1, 1, 4, 3, 0, 0, 1, 1, 4, 0, 0, 2, 4, 4, 27, 10, 17, 0, 0, 8, 2000, 1000, 12413, 155.17228333333335
1, 3, 0, 2, 1, 1, 4, 3, 0, 0, 1, 1, 4, 0, 0, 2, 4, 4, 27, 10, 17, 0, 0, 8, 2000, 1000, 12485, 152.02805666666666
1, 3, 0, 2, 1, 1, 4, 3, 0, 0, 1, 1, 4, 0, 0, 2, 4, 4, 27, 10, 17, 0, 0, 8, 2000, 1000, 12500, 125.02409
1, 3, 0, 2, 1, 1, 4, 3, 0, 0, 1, 1, 4, 0, 0, 2, 4, 4, 27, 10, 17, 0, 0, 8, 2000, 1000, 12540, 128.54053666666667
1, 3, 0, 2, 1, 1, 4, 3, 0, 0, 1, 1, 4, 0, 0, 2, 4, 4, 27, 10, 17, 0, 0, 8, 2000, 1000, 12543, 160.58732999999998
1, 3, 0, 2, 1, 1, 4, 3, 0, 0, 1, 1, 4, 0, 0, 2, 4, 4, 27, 10, 17, 0, 0, 8, 2000, 1000, 12545, 153.47963666666666
1, 3, 0, 2, 1, 1, 4, 3, 0, 0, 1, 1, 4, 0, 0, 2, 4, 4, 27, 10, 17, 0, 0, 8, 2000, 1000, 12642, 147.94288
1, 0, 0, 2, 1, 0, 1, 0, 0, 0, 0, 0, 1, 0, 0, 1, 4, 1, 10, 0, 4, 0, 0, 8, 2000, 1000, 10000, 0.30119549999999995
